,config_name,precision,bits_per_weight,dynamic_calibration,weight_only,metric,value,runtime,base_metric,relative,train_run,eval_run,split
0,Int8WeightOnlyConfig,int8,8,False,True,pytorch_quantized_MAE,7.262659647962164,pytorch,MAE,False,1,1,train
1,Float8WeightOnlyConfig,float8,8,False,True,pytorch_quantized_MAE,7.254247797151476,pytorch,MAE,False,1,1,train
2,Float8StaticActivationFloat8WeightConfig,float8,8,False,False,pytorch_quantized_MAE,7.309167364218144,pytorch,MAE,False,1,1,train
3,Int8DynamicActivationInt8WeightConfig,int8,8,True,False,pytorch_quantized_MAE,7.257537775419214,pytorch,MAE,False,1,1,train
4,Int8WeightOnlyConfig,int8,8,False,True,pytorch_relative_MAE,1.0008338880769159,pytorch,MAE,True,1,1,train
5,Float8WeightOnlyConfig,float8,8,False,True,pytorch_relative_MAE,0.9996746894140478,pytorch,MAE,True,1,1,train
6,Float8StaticActivationFloat8WeightConfig,float8,8,False,False,pytorch_relative_MAE,1.0072429036087276,pytorch,MAE,True,1,1,train
7,Int8DynamicActivationInt8WeightConfig,int8,8,True,False,pytorch_relative_MAE,1.0001280662623369,pytorch,MAE,True,1,1,train
8,Int8WeightOnlyConfig,int8,8,False,True,pytorch_quantized_model_size,206337.0,pytorch,model_size,False,1,1,train
9,Float8WeightOnlyConfig,float8,8,False,True,pytorch_quantized_model_size,206337.0,pytorch,model_size,False,1,1,train
10,Float8StaticActivationFloat8WeightConfig,float8,8,False,False,pytorch_quantized_model_size,206337.0,pytorch,model_size,False,1,1,train
11,Int8DynamicActivationInt8WeightConfig,int8,8,True,False,pytorch_quantized_model_size,206337.0,pytorch,model_size,False,1,1,train
12,Int8WeightOnlyConfig,int8,8,False,True,pytorch_quantized_median_latency,0.000810582499980228,pytorch,median_latency,False,1,1,train
13,Float8WeightOnlyConfig,float8,8,False,True,pytorch_quantized_median_latency,0.0013763235001533758,pytorch,median_latency,False,1,1,train
14,Float8StaticActivationFloat8WeightConfig,float8,8,False,False,pytorch_quantized_median_latency,0.0025150830001621216,pytorch,median_latency,False,1,1,train
15,Int8DynamicActivationInt8WeightConfig,int8,8,True,False,pytorch_quantized_median_latency,0.0078000349999456375,pytorch,median_latency,False,1,1,train
16,Int8WeightOnlyConfig,int8,8,False,True,pytorch_quantized_p95_latency,0.0009873794500890654,pytorch,p95_latency,False,1,1,train
17,Float8WeightOnlyConfig,float8,8,False,True,pytorch_quantized_p95_latency,0.0015912432000732223,pytorch,p95_latency,False,1,1,train
18,Float8StaticActivationFloat8WeightConfig,float8,8,False,False,pytorch_quantized_p95_latency,0.002707453800348958,pytorch,p95_latency,False,1,1,train
19,Int8DynamicActivationInt8WeightConfig,int8,8,True,False,pytorch_quantized_p95_latency,0.013151954699787893,pytorch,p95_latency,False,1,1,train
20,Int8WeightOnlyConfig,int8,8,False,True,pytorch_quantized_p99_latency,0.0011210995106557676,pytorch,p99_latency,False,1,1,train
21,Float8WeightOnlyConfig,float8,8,False,True,pytorch_quantized_p99_latency,0.0017205236801328299,pytorch,p99_latency,False,1,1,train
22,Float8StaticActivationFloat8WeightConfig,float8,8,False,False,pytorch_quantized_p99_latency,0.0027835600499111035,pytorch,p99_latency,False,1,1,train
23,Int8DynamicActivationInt8WeightConfig,int8,8,True,False,pytorch_quantized_p99_latency,0.013610137689656767,pytorch,p99_latency,False,1,1,train
24,Int8WeightOnlyConfig,int8,8,False,True,pytorch_relative_model_size,0.25,pytorch,model_size,True,1,1,train
25,Float8WeightOnlyConfig,float8,8,False,True,pytorch_relative_model_size,0.25,pytorch,model_size,True,1,1,train
26,Float8StaticActivationFloat8WeightConfig,float8,8,False,False,pytorch_relative_model_size,0.25,pytorch,model_size,True,1,1,train
27,Int8DynamicActivationInt8WeightConfig,int8,8,True,False,pytorch_relative_model_size,0.25,pytorch,model_size,True,1,1,train
28,Int8WeightOnlyConfig,int8,8,False,True,pytorch_relative_median_latency,1.3800296583508591,pytorch,median_latency,True,1,1,train
29,Float8WeightOnlyConfig,float8,8,False,True,pytorch_relative_median_latency,2.3432127510071483,pytorch,median_latency,True,1,1,train
30,Float8StaticActivationFloat8WeightConfig,float8,8,False,False,pytorch_relative_median_latency,4.281968995780749,pytorch,median_latency,True,1,1,train
31,Int8DynamicActivationInt8WeightConfig,int8,8,True,False,pytorch_relative_median_latency,13.279684222595833,pytorch,median_latency,True,1,1,train
32,Int8WeightOnlyConfig,int8,8,False,True,pytorch_relative_p95_latency,1.502167759943375,pytorch,p95_latency,True,1,1,train
33,Float8WeightOnlyConfig,float8,8,False,True,pytorch_relative_p95_latency,2.4208669049811644,pytorch,p95_latency,True,1,1,train
34,Float8StaticActivationFloat8WeightConfig,float8,8,False,False,pytorch_relative_p95_latency,4.119034288239955,pytorch,p95_latency,True,1,1,train
35,Int8DynamicActivationInt8WeightConfig,int8,8,True,False,pytorch_relative_p95_latency,20.008966490516908,pytorch,p95_latency,True,1,1,train
36,Int8WeightOnlyConfig,int8,8,False,True,pytorch_relative_p99_latency,1.4353374131591097,pytorch,p99_latency,True,1,1,train
37,Float8WeightOnlyConfig,float8,8,False,True,pytorch_relative_p99_latency,2.2027768140549253,pytorch,p99_latency,True,1,1,train
38,Float8StaticActivationFloat8WeightConfig,float8,8,False,False,pytorch_relative_p99_latency,3.563776313732789,pytorch,p99_latency,True,1,1,train
39,Int8DynamicActivationInt8WeightConfig,int8,8,True,False,pytorch_relative_p99_latency,17.42498291947742,pytorch,p99_latency,True,1,1,train
0,Int8WeightOnlyConfig,int8,8,False,True,pytorch_quantized_MAE,7.460002981708056,pytorch,MAE,False,1,1,test
1,Float8WeightOnlyConfig,float8,8,False,True,pytorch_quantized_MAE,7.444918089729374,pytorch,MAE,False,1,1,test
2,Float8StaticActivationFloat8WeightConfig,float8,8,False,False,pytorch_quantized_MAE,7.501028468220837,pytorch,MAE,False,1,1,test
3,Int8DynamicActivationInt8WeightConfig,int8,8,True,False,pytorch_quantized_MAE,7.450021235985456,pytorch,MAE,False,1,1,test
4,Int8WeightOnlyConfig,int8,8,False,True,pytorch_relative_MAE,1.000739404233296,pytorch,MAE,True,1,1,test
5,Float8WeightOnlyConfig,float8,8,False,True,pytorch_relative_MAE,0.9987158064078412,pytorch,MAE,True,1,1,test
6,Float8StaticActivationFloat8WeightConfig,float8,8,False,False,pytorch_relative_MAE,1.0062428632844318,pytorch,MAE,True,1,1,test
7,Int8DynamicActivationInt8WeightConfig,int8,8,True,False,pytorch_relative_MAE,0.9994003797996414,pytorch,MAE,True,1,1,test
8,Int8WeightOnlyConfig,int8,8,False,True,pytorch_quantized_model_size,206337.0,pytorch,model_size,False,1,1,test
9,Float8WeightOnlyConfig,float8,8,False,True,pytorch_quantized_model_size,206337.0,pytorch,model_size,False,1,1,test
10,Float8StaticActivationFloat8WeightConfig,float8,8,False,False,pytorch_quantized_model_size,206337.0,pytorch,model_size,False,1,1,test
11,Int8DynamicActivationInt8WeightConfig,int8,8,True,False,pytorch_quantized_model_size,206337.0,pytorch,model_size,False,1,1,test
12,Int8WeightOnlyConfig,int8,8,False,True,pytorch_quantized_median_latency,0.0007752765000077488,pytorch,median_latency,False,1,1,test
13,Float8WeightOnlyConfig,float8,8,False,True,pytorch_quantized_median_latency,0.0013147874997230247,pytorch,median_latency,False,1,1,test
14,Float8StaticActivationFloat8WeightConfig,float8,8,False,False,pytorch_quantized_median_latency,0.0028780689999621245,pytorch,median_latency,False,1,1,test
15,Int8DynamicActivationInt8WeightConfig,int8,8,True,False,pytorch_quantized_median_latency,0.007665099000405462,pytorch,median_latency,False,1,1,test
16,Int8WeightOnlyConfig,int8,8,False,True,pytorch_quantized_p95_latency,0.0009416529503141647,pytorch,p95_latency,False,1,1,test
17,Float8WeightOnlyConfig,float8,8,False,True,pytorch_quantized_p95_latency,0.001403229350444235,pytorch,p95_latency,False,1,1,test
18,Float8StaticActivationFloat8WeightConfig,float8,8,False,False,pytorch_quantized_p95_latency,0.003342725650009015,pytorch,p95_latency,False,1,1,test
19,Int8DynamicActivationInt8WeightConfig,int8,8,True,False,pytorch_quantized_p95_latency,0.009407766049707786,pytorch,p95_latency,False,1,1,test
20,Int8WeightOnlyConfig,int8,8,False,True,pytorch_quantized_p99_latency,0.0010680518401659357,pytorch,p99_latency,False,1,1,test
21,Float8WeightOnlyConfig,float8,8,False,True,pytorch_quantized_p99_latency,0.001539673439674517,pytorch,p99_latency,False,1,1,test
22,Float8StaticActivationFloat8WeightConfig,float8,8,False,False,pytorch_quantized_p99_latency,0.0037210936603332815,pytorch,p99_latency,False,1,1,test
23,Int8DynamicActivationInt8WeightConfig,int8,8,True,False,pytorch_quantized_p99_latency,0.013881257139246372,pytorch,p99_latency,False,1,1,test
24,Int8WeightOnlyConfig,int8,8,False,True,pytorch_relative_model_size,0.25,pytorch,model_size,True,1,1,test
25,Float8WeightOnlyConfig,float8,8,False,True,pytorch_relative_model_size,0.25,pytorch,model_size,True,1,1,test
26,Float8StaticActivationFloat8WeightConfig,float8,8,False,False,pytorch_relative_model_size,0.25,pytorch,model_size,True,1,1,test
27,Int8DynamicActivationInt8WeightConfig,int8,8,True,False,pytorch_relative_model_size,0.25,pytorch,model_size,True,1,1,test
28,Int8WeightOnlyConfig,int8,8,False,True,pytorch_relative_median_latency,1.4124081807562496,pytorch,median_latency,True,1,1,test
29,Float8WeightOnlyConfig,float8,8,False,True,pytorch_relative_median_latency,2.395295898361803,pytorch,median_latency,True,1,1,test
30,Float8StaticActivationFloat8WeightConfig,float8,8,False,False,pytorch_relative_median_latency,5.243301196781836,pytorch,median_latency,True,1,1,test
31,Int8DynamicActivationInt8WeightConfig,int8,8,True,False,pytorch_relative_median_latency,13.964370820437635,pytorch,median_latency,True,1,1,test
32,Int8WeightOnlyConfig,int8,8,False,True,pytorch_relative_p95_latency,1.5283256722332026,pytorch,p95_latency,True,1,1,test
33,Float8WeightOnlyConfig,float8,8,False,True,pytorch_relative_p95_latency,2.2774754112962143,pytorch,p95_latency,True,1,1,test
34,Float8StaticActivationFloat8WeightConfig,float8,8,False,False,pytorch_relative_p95_latency,5.425325141748615,pytorch,p95_latency,True,1,1,test
35,Int8DynamicActivationInt8WeightConfig,int8,8,True,False,pytorch_relative_p95_latency,15.269033423975747,pytorch,p95_latency,True,1,1,test
36,Int8WeightOnlyConfig,int8,8,False,True,pytorch_relative_p99_latency,1.574900070630475,pytorch,p99_latency,True,1,1,test
37,Float8WeightOnlyConfig,float8,8,False,True,pytorch_relative_p99_latency,2.27033156790829,pytorch,p99_latency,True,1,1,test
38,Float8StaticActivationFloat8WeightConfig,float8,8,False,False,pytorch_relative_p99_latency,5.486953393171455,pytorch,p99_latency,True,1,1,test
39,Int8DynamicActivationInt8WeightConfig,int8,8,True,False,pytorch_relative_p99_latency,20.468662687423876,pytorch,p99_latency,True,1,1,test
0,Int8WeightOnlyConfig,int8,8,False,True,pytorch_quantized_MAE,7.2594930639721635,pytorch,MAE,False,1,2,train
1,Float8WeightOnlyConfig,float8,8,False,True,pytorch_quantized_MAE,7.252505986332143,pytorch,MAE,False,1,2,train
2,Float8StaticActivationFloat8WeightConfig,float8,8,False,False,pytorch_quantized_MAE,7.3194473586828925,pytorch,MAE,False,1,2,train
3,Int8DynamicActivationInt8WeightConfig,int8,8,True,False,pytorch_quantized_MAE,7.253173340159492,pytorch,MAE,False,1,2,train
4,Int8WeightOnlyConfig,int8,8,False,True,pytorch_relative_MAE,1.0007702038233441,pytorch,MAE,True,1,2,train
5,Float8WeightOnlyConfig,float8,8,False,True,pytorch_relative_MAE,0.9998069879276456,pytorch,MAE,True,1,2,train
6,Float8StaticActivationFloat8WeightConfig,float8,8,False,False,pytorch_relative_MAE,1.0090353087292936,pytorch,MAE,True,1,2,train
7,Int8DynamicActivationInt8WeightConfig,int8,8,True,False,pytorch_relative_MAE,0.9998989871650485,pytorch,MAE,True,1,2,train
8,Int8WeightOnlyConfig,int8,8,False,True,pytorch_quantized_model_size,206337.0,pytorch,model_size,False,1,2,train
9,Float8WeightOnlyConfig,float8,8,False,True,pytorch_quantized_model_size,206337.0,pytorch,model_size,False,1,2,train
10,Float8StaticActivationFloat8WeightConfig,float8,8,False,False,pytorch_quantized_model_size,206337.0,pytorch,model_size,False,1,2,train
11,Int8DynamicActivationInt8WeightConfig,int8,8,True,False,pytorch_quantized_model_size,206337.0,pytorch,model_size,False,1,2,train
12,Int8WeightOnlyConfig,int8,8,False,True,pytorch_quantized_median_latency,0.0008569279998482671,pytorch,median_latency,False,1,2,train
13,Float8WeightOnlyConfig,float8,8,False,True,pytorch_quantized_median_latency,0.0012994489998163772,pytorch,median_latency,False,1,2,train
14,Float8StaticActivationFloat8WeightConfig,float8,8,False,False,pytorch_quantized_median_latency,0.0027514005000739417,pytorch,median_latency,False,1,2,train
15,Int8DynamicActivationInt8WeightConfig,int8,8,True,False,pytorch_quantized_median_latency,0.007800617500379303,pytorch,median_latency,False,1,2,train
16,Int8WeightOnlyConfig,int8,8,False,True,pytorch_quantized_p95_latency,0.0010153231500225955,pytorch,p95_latency,False,1,2,train
17,Float8WeightOnlyConfig,float8,8,False,True,pytorch_quantized_p95_latency,0.0014803543001562502,pytorch,p95_latency,False,1,2,train
18,Float8StaticActivationFloat8WeightConfig,float8,8,False,False,pytorch_quantized_p95_latency,0.003095079799868472,pytorch,p95_latency,False,1,2,train
19,Int8DynamicActivationInt8WeightConfig,int8,8,True,False,pytorch_quantized_p95_latency,0.01227007944989964,pytorch,p95_latency,False,1,2,train
20,Int8WeightOnlyConfig,int8,8,False,True,pytorch_quantized_p99_latency,0.0011373235299015508,pytorch,p99_latency,False,1,2,train
21,Float8WeightOnlyConfig,float8,8,False,True,pytorch_quantized_p99_latency,0.001526162900199779,pytorch,p99_latency,False,1,2,train
22,Float8StaticActivationFloat8WeightConfig,float8,8,False,False,pytorch_quantized_p99_latency,0.0031417194999357892,pytorch,p99_latency,False,1,2,train
23,Int8DynamicActivationInt8WeightConfig,int8,8,True,False,pytorch_quantized_p99_latency,0.013144057960107605,pytorch,p99_latency,False,1,2,train
24,Int8WeightOnlyConfig,int8,8,False,True,pytorch_relative_model_size,0.25,pytorch,model_size,True,1,2,train
25,Float8WeightOnlyConfig,float8,8,False,True,pytorch_relative_model_size,0.25,pytorch,model_size,True,1,2,train
26,Float8StaticActivationFloat8WeightConfig,float8,8,False,False,pytorch_relative_model_size,0.25,pytorch,model_size,True,1,2,train
27,Int8DynamicActivationInt8WeightConfig,int8,8,True,False,pytorch_relative_model_size,0.25,pytorch,model_size,True,1,2,train
28,Int8WeightOnlyConfig,int8,8,False,True,pytorch_relative_median_latency,1.452778609703855,pytorch,median_latency,True,1,2,train
29,Float8WeightOnlyConfig,float8,8,False,True,pytorch_relative_median_latency,2.2029992154166615,pytorch,median_latency,True,1,2,train
30,Float8StaticActivationFloat8WeightConfig,float8,8,False,False,pytorch_relative_median_latency,4.664541004546096,pytorch,median_latency,True,1,2,train
31,Int8DynamicActivationInt8WeightConfig,int8,8,True,False,pytorch_relative_median_latency,13.224646935377557,pytorch,median_latency,True,1,2,train
32,Int8WeightOnlyConfig,int8,8,False,True,pytorch_relative_p95_latency,1.486931723344966,pytorch,p95_latency,True,1,2,train
33,Float8WeightOnlyConfig,float8,8,False,True,pytorch_relative_p95_latency,2.167965706921464,pytorch,p95_latency,True,1,2,train
34,Float8StaticActivationFloat8WeightConfig,float8,8,False,False,pytorch_relative_p95_latency,4.532716840550912,pytorch,p95_latency,True,1,2,train
35,Int8DynamicActivationInt8WeightConfig,int8,8,True,False,pytorch_relative_p95_latency,17.96942222937879,pytorch,p95_latency,True,1,2,train
36,Int8WeightOnlyConfig,int8,8,False,True,pytorch_relative_p99_latency,1.5177351265515442,pytorch,p99_latency,True,1,2,train
37,Float8WeightOnlyConfig,float8,8,False,True,pytorch_relative_p99_latency,2.036633360318755,pytorch,p99_latency,True,1,2,train
38,Float8StaticActivationFloat8WeightConfig,float8,8,False,False,pytorch_relative_p99_latency,4.192560795112763,pytorch,p99_latency,True,1,2,train
39,Int8DynamicActivationInt8WeightConfig,int8,8,True,False,pytorch_relative_p99_latency,17.54047810231412,pytorch,p99_latency,True,1,2,train
0,Int8WeightOnlyConfig,int8,8,False,True,pytorch_quantized_MAE,7.224719122010138,pytorch,MAE,False,1,2,test
1,Float8WeightOnlyConfig,float8,8,False,True,pytorch_quantized_MAE,7.221626992283962,pytorch,MAE,False,1,2,test
2,Float8StaticActivationFloat8WeightConfig,float8,8,False,False,pytorch_quantized_MAE,7.2907776137286495,pytorch,MAE,False,1,2,test
3,Int8DynamicActivationInt8WeightConfig,int8,8,True,False,pytorch_quantized_MAE,7.224579865822563,pytorch,MAE,False,1,2,test
4,Int8WeightOnlyConfig,int8,8,False,True,pytorch_relative_MAE,1.0007004274367606,pytorch,MAE,True,1,2,test
5,Float8WeightOnlyConfig,float8,8,False,True,pytorch_relative_MAE,1.0002721345873893,pytorch,MAE,True,1,2,test
6,Float8StaticActivationFloat8WeightConfig,float8,8,False,False,pytorch_relative_MAE,1.0098502310183495,pytorch,MAE,True,1,2,test
7,Int8DynamicActivationInt8WeightConfig,int8,8,True,False,pytorch_relative_MAE,1.0006811389739048,pytorch,MAE,True,1,2,test
8,Int8WeightOnlyConfig,int8,8,False,True,pytorch_quantized_model_size,206337.0,pytorch,model_size,False,1,2,test
9,Float8WeightOnlyConfig,float8,8,False,True,pytorch_quantized_model_size,206337.0,pytorch,model_size,False,1,2,test
10,Float8StaticActivationFloat8WeightConfig,float8,8,False,False,pytorch_quantized_model_size,206337.0,pytorch,model_size,False,1,2,test
11,Int8DynamicActivationInt8WeightConfig,int8,8,True,False,pytorch_quantized_model_size,206337.0,pytorch,model_size,False,1,2,test
12,Int8WeightOnlyConfig,int8,8,False,True,pytorch_quantized_median_latency,0.0007390675000351621,pytorch,median_latency,False,1,2,test
13,Float8WeightOnlyConfig,float8,8,False,True,pytorch_quantized_median_latency,0.0012738655004795874,pytorch,median_latency,False,1,2,test
14,Float8StaticActivationFloat8WeightConfig,float8,8,False,False,pytorch_quantized_median_latency,0.002563329000167869,pytorch,median_latency,False,1,2,test
15,Int8DynamicActivationInt8WeightConfig,int8,8,True,False,pytorch_quantized_median_latency,0.007492177999665728,pytorch,median_latency,False,1,2,test
16,Int8WeightOnlyConfig,int8,8,False,True,pytorch_quantized_p95_latency,0.0008557798996662313,pytorch,p95_latency,False,1,2,test
17,Float8WeightOnlyConfig,float8,8,False,True,pytorch_quantized_p95_latency,0.0013719040497562672,pytorch,p95_latency,False,1,2,test
18,Float8StaticActivationFloat8WeightConfig,float8,8,False,False,pytorch_quantized_p95_latency,0.002681907749865786,pytorch,p95_latency,False,1,2,test
19,Int8DynamicActivationInt8WeightConfig,int8,8,True,False,pytorch_quantized_p95_latency,0.011246182650120317,pytorch,p95_latency,False,1,2,test
20,Int8WeightOnlyConfig,int8,8,False,True,pytorch_quantized_p99_latency,0.000945707299424612,pytorch,p99_latency,False,1,2,test
21,Float8WeightOnlyConfig,float8,8,False,True,pytorch_quantized_p99_latency,0.0015770187602720403,pytorch,p99_latency,False,1,2,test
22,Float8StaticActivationFloat8WeightConfig,float8,8,False,False,pytorch_quantized_p99_latency,0.002770951179409168,pytorch,p99_latency,False,1,2,test
23,Int8DynamicActivationInt8WeightConfig,int8,8,True,False,pytorch_quantized_p99_latency,0.012028643759740595,pytorch,p99_latency,False,1,2,test
24,Int8WeightOnlyConfig,int8,8,False,True,pytorch_relative_model_size,0.25,pytorch,model_size,True,1,2,test
25,Float8WeightOnlyConfig,float8,8,False,True,pytorch_relative_model_size,0.25,pytorch,model_size,True,1,2,test
26,Float8StaticActivationFloat8WeightConfig,float8,8,False,False,pytorch_relative_model_size,0.25,pytorch,model_size,True,1,2,test
27,Int8DynamicActivationInt8WeightConfig,int8,8,True,False,pytorch_relative_model_size,0.25,pytorch,model_size,True,1,2,test
28,Int8WeightOnlyConfig,int8,8,False,True,pytorch_relative_median_latency,1.3220746620243722,pytorch,median_latency,True,1,2,test
29,Float8WeightOnlyConfig,float8,8,False,True,pytorch_relative_median_latency,2.2787435531002687,pytorch,median_latency,True,1,2,test
30,Float8StaticActivationFloat8WeightConfig,float8,8,False,False,pytorch_relative_median_latency,4.585389455486779,pytorch,median_latency,True,1,2,test
31,Int8DynamicActivationInt8WeightConfig,int8,8,True,False,pytorch_relative_median_latency,13.40231940419955,pytorch,median_latency,True,1,2,test
32,Int8WeightOnlyConfig,int8,8,False,True,pytorch_relative_p95_latency,1.320186232819997,pytorch,p95_latency,True,1,2,test
33,Float8WeightOnlyConfig,float8,8,False,True,pytorch_relative_p95_latency,2.1163956292320147,pytorch,p95_latency,True,1,2,test
34,Float8StaticActivationFloat8WeightConfig,float8,8,False,False,pytorch_relative_p95_latency,4.13729942762966,pytorch,p95_latency,True,1,2,test
35,Int8DynamicActivationInt8WeightConfig,int8,8,True,False,pytorch_relative_p95_latency,17.349151939953902,pytorch,p95_latency,True,1,2,test
36,Int8WeightOnlyConfig,int8,8,False,True,pytorch_relative_p99_latency,1.3986923898546835,pytorch,p99_latency,True,1,2,test
37,Float8WeightOnlyConfig,float8,8,False,True,pytorch_relative_p99_latency,2.332396228719608,pytorch,p99_latency,True,1,2,test
38,Float8StaticActivationFloat8WeightConfig,float8,8,False,False,pytorch_relative_p99_latency,4.0982112855177535,pytorch,p99_latency,True,1,2,test
39,Int8DynamicActivationInt8WeightConfig,int8,8,True,False,pytorch_relative_p99_latency,17.790253387341405,pytorch,p99_latency,True,1,2,test
0,Int8WeightOnlyConfig,int8,8,False,True,pytorch_quantized_MAE,7.221445539403961,pytorch,MAE,False,1,3,train
1,Float8WeightOnlyConfig,float8,8,False,True,pytorch_quantized_MAE,7.213021751378244,pytorch,MAE,False,1,3,train
2,Float8StaticActivationFloat8WeightConfig,float8,8,False,False,pytorch_quantized_MAE,7.283165045750498,pytorch,MAE,False,1,3,train
3,Int8DynamicActivationInt8WeightConfig,int8,8,True,False,pytorch_quantized_MAE,7.2159448405799465,pytorch,MAE,False,1,3,train
4,Int8WeightOnlyConfig,int8,8,False,True,pytorch_relative_MAE,1.0007578292866812,pytorch,MAE,True,1,3,train
5,Float8WeightOnlyConfig,float8,8,False,True,pytorch_relative_MAE,0.9995904491862585,pytorch,MAE,True,1,3,train
6,Float8StaticActivationFloat8WeightConfig,float8,8,False,False,pytorch_relative_MAE,1.009311003143491,pytorch,MAE,True,1,3,train
7,Int8DynamicActivationInt8WeightConfig,int8,8,True,False,pytorch_relative_MAE,0.9999955348977473,pytorch,MAE,True,1,3,train
8,Int8WeightOnlyConfig,int8,8,False,True,pytorch_quantized_model_size,206337.0,pytorch,model_size,False,1,3,train
9,Float8WeightOnlyConfig,float8,8,False,True,pytorch_quantized_model_size,206337.0,pytorch,model_size,False,1,3,train
10,Float8StaticActivationFloat8WeightConfig,float8,8,False,False,pytorch_quantized_model_size,206337.0,pytorch,model_size,False,1,3,train
11,Int8DynamicActivationInt8WeightConfig,int8,8,True,False,pytorch_quantized_model_size,206337.0,pytorch,model_size,False,1,3,train
12,Int8WeightOnlyConfig,int8,8,False,True,pytorch_quantized_median_latency,0.0008073240001067461,pytorch,median_latency,False,1,3,train
13,Float8WeightOnlyConfig,float8,8,False,True,pytorch_quantized_median_latency,0.0012362760003270523,pytorch,median_latency,False,1,3,train
14,Float8StaticActivationFloat8WeightConfig,float8,8,False,False,pytorch_quantized_median_latency,0.002664621500116482,pytorch,median_latency,False,1,3,train
15,Int8DynamicActivationInt8WeightConfig,int8,8,True,False,pytorch_quantized_median_latency,0.00769632250057839,pytorch,median_latency,False,1,3,train
16,Int8WeightOnlyConfig,int8,8,False,True,pytorch_quantized_p95_latency,0.0009307665498909045,pytorch,p95_latency,False,1,3,train
17,Float8WeightOnlyConfig,float8,8,False,True,pytorch_quantized_p95_latency,0.0013738836504671782,pytorch,p95_latency,False,1,3,train
18,Float8StaticActivationFloat8WeightConfig,float8,8,False,False,pytorch_quantized_p95_latency,0.003098247300249568,pytorch,p95_latency,False,1,3,train
19,Int8DynamicActivationInt8WeightConfig,int8,8,True,False,pytorch_quantized_p95_latency,0.008364184450101675,pytorch,p95_latency,False,1,3,train
20,Int8WeightOnlyConfig,int8,8,False,True,pytorch_quantized_p99_latency,0.0010696421902957815,pytorch,p99_latency,False,1,3,train
21,Float8WeightOnlyConfig,float8,8,False,True,pytorch_quantized_p99_latency,0.0014195063995975944,pytorch,p99_latency,False,1,3,train
22,Float8StaticActivationFloat8WeightConfig,float8,8,False,False,pytorch_quantized_p99_latency,0.0032402692592950195,pytorch,p99_latency,False,1,3,train
23,Int8DynamicActivationInt8WeightConfig,int8,8,True,False,pytorch_quantized_p99_latency,0.009997818160318285,pytorch,p99_latency,False,1,3,train
24,Int8WeightOnlyConfig,int8,8,False,True,pytorch_relative_model_size,0.25,pytorch,model_size,True,1,3,train
25,Float8WeightOnlyConfig,float8,8,False,True,pytorch_relative_model_size,0.25,pytorch,model_size,True,1,3,train
26,Float8StaticActivationFloat8WeightConfig,float8,8,False,False,pytorch_relative_model_size,0.25,pytorch,model_size,True,1,3,train
27,Int8DynamicActivationInt8WeightConfig,int8,8,True,False,pytorch_relative_model_size,0.25,pytorch,model_size,True,1,3,train
28,Int8WeightOnlyConfig,int8,8,False,True,pytorch_relative_median_latency,1.3843253351438176,pytorch,median_latency,True,1,3,train
29,Float8WeightOnlyConfig,float8,8,False,True,pytorch_relative_median_latency,2.119852981277305,pytorch,median_latency,True,1,3,train
30,Float8StaticActivationFloat8WeightConfig,float8,8,False,False,pytorch_relative_median_latency,4.569049168230404,pytorch,median_latency,True,1,3,train
31,Int8DynamicActivationInt8WeightConfig,int8,8,True,False,pytorch_relative_median_latency,13.196949704925608,pytorch,median_latency,True,1,3,train
32,Int8WeightOnlyConfig,int8,8,False,True,pytorch_relative_p95_latency,1.4686395602349667,pytorch,p95_latency,True,1,3,train
33,Float8WeightOnlyConfig,float8,8,False,True,pytorch_relative_p95_latency,2.1678259499899597,pytorch,p95_latency,True,1,3,train
34,Float8StaticActivationFloat8WeightConfig,float8,8,False,False,pytorch_relative_p95_latency,4.888667897520629,pytorch,p95_latency,True,1,3,train
35,Int8DynamicActivationInt8WeightConfig,int8,8,True,False,pytorch_relative_p95_latency,13.197694066209491,pytorch,p95_latency,True,1,3,train
36,Int8WeightOnlyConfig,int8,8,False,True,pytorch_relative_p99_latency,1.616429623497261,pytorch,p99_latency,True,1,3,train
37,Float8WeightOnlyConfig,float8,8,False,True,pytorch_relative_p99_latency,2.145139950415568,pytorch,p99_latency,True,1,3,train
38,Float8StaticActivationFloat8WeightConfig,float8,8,False,False,pytorch_relative_p99_latency,4.896653541109535,pytorch,p99_latency,True,1,3,train
39,Int8DynamicActivationInt8WeightConfig,int8,8,True,False,pytorch_relative_p99_latency,15.10857517709593,pytorch,p99_latency,True,1,3,train
0,Int8WeightOnlyConfig,int8,8,False,True,pytorch_quantized_MAE,7.119151613337749,pytorch,MAE,False,1,3,test
1,Float8WeightOnlyConfig,float8,8,False,True,pytorch_quantized_MAE,7.105103149126974,pytorch,MAE,False,1,3,test
2,Float8StaticActivationFloat8WeightConfig,float8,8,False,False,pytorch_quantized_MAE,7.1592934681128915,pytorch,MAE,False,1,3,test
3,Int8DynamicActivationInt8WeightConfig,int8,8,True,False,pytorch_quantized_MAE,7.106383222291073,pytorch,MAE,False,1,3,test
4,Int8WeightOnlyConfig,int8,8,False,True,pytorch_relative_MAE,1.0008817520735027,pytorch,MAE,True,1,3,test
5,Float8WeightOnlyConfig,float8,8,False,True,pytorch_relative_MAE,0.9989066780426477,pytorch,MAE,True,1,3,test
6,Float8StaticActivationFloat8WeightConfig,float8,8,False,False,pytorch_relative_MAE,1.0065252967149108,pytorch,MAE,True,1,3,test
7,Int8DynamicActivationInt8WeightConfig,int8,8,True,False,pytorch_relative_MAE,0.9990866435695603,pytorch,MAE,True,1,3,test
8,Int8WeightOnlyConfig,int8,8,False,True,pytorch_quantized_model_size,206337.0,pytorch,model_size,False,1,3,test
9,Float8WeightOnlyConfig,float8,8,False,True,pytorch_quantized_model_size,206337.0,pytorch,model_size,False,1,3,test
10,Float8StaticActivationFloat8WeightConfig,float8,8,False,False,pytorch_quantized_model_size,206337.0,pytorch,model_size,False,1,3,test
11,Int8DynamicActivationInt8WeightConfig,int8,8,True,False,pytorch_quantized_model_size,206337.0,pytorch,model_size,False,1,3,test
12,Int8WeightOnlyConfig,int8,8,False,True,pytorch_quantized_median_latency,0.0007618435001859325,pytorch,median_latency,False,1,3,test
13,Float8WeightOnlyConfig,float8,8,False,True,pytorch_quantized_median_latency,0.0013627315001940588,pytorch,median_latency,False,1,3,test
14,Float8StaticActivationFloat8WeightConfig,float8,8,False,False,pytorch_quantized_median_latency,0.002430326500416413,pytorch,median_latency,False,1,3,test
15,Int8DynamicActivationInt8WeightConfig,int8,8,True,False,pytorch_quantized_median_latency,0.007567567499791039,pytorch,median_latency,False,1,3,test
16,Int8WeightOnlyConfig,int8,8,False,True,pytorch_quantized_p95_latency,0.0008849720004036498,pytorch,p95_latency,False,1,3,test
17,Float8WeightOnlyConfig,float8,8,False,True,pytorch_quantized_p95_latency,0.001496153749712903,pytorch,p95_latency,False,1,3,test
18,Float8StaticActivationFloat8WeightConfig,float8,8,False,False,pytorch_quantized_p95_latency,0.0030749570005355054,pytorch,p95_latency,False,1,3,test
19,Int8DynamicActivationInt8WeightConfig,int8,8,True,False,pytorch_quantized_p95_latency,0.012653201299735883,pytorch,p95_latency,False,1,3,test
20,Int8WeightOnlyConfig,int8,8,False,True,pytorch_quantized_p99_latency,0.0010233555700597209,pytorch,p99_latency,False,1,3,test
21,Float8WeightOnlyConfig,float8,8,False,True,pytorch_quantized_p99_latency,0.001549953820103838,pytorch,p99_latency,False,1,3,test
22,Float8StaticActivationFloat8WeightConfig,float8,8,False,False,pytorch_quantized_p99_latency,0.0034746207004081957,pytorch,p99_latency,False,1,3,test
23,Int8DynamicActivationInt8WeightConfig,int8,8,True,False,pytorch_quantized_p99_latency,0.01316102934069022,pytorch,p99_latency,False,1,3,test
24,Int8WeightOnlyConfig,int8,8,False,True,pytorch_relative_model_size,0.25,pytorch,model_size,True,1,3,test
25,Float8WeightOnlyConfig,float8,8,False,True,pytorch_relative_model_size,0.25,pytorch,model_size,True,1,3,test
26,Float8StaticActivationFloat8WeightConfig,float8,8,False,False,pytorch_relative_model_size,0.25,pytorch,model_size,True,1,3,test
27,Int8DynamicActivationInt8WeightConfig,int8,8,True,False,pytorch_relative_model_size,0.25,pytorch,model_size,True,1,3,test
28,Int8WeightOnlyConfig,int8,8,False,True,pytorch_relative_median_latency,1.3616980393303617,pytorch,median_latency,True,1,3,test
29,Float8WeightOnlyConfig,float8,8,False,True,pytorch_relative_median_latency,2.4357086612868586,pytorch,median_latency,True,1,3,test
30,Float8StaticActivationFloat8WeightConfig,float8,8,False,False,pytorch_relative_median_latency,4.3438984906243565,pytorch,median_latency,True,1,3,test
31,Int8DynamicActivationInt8WeightConfig,int8,8,True,False,pytorch_relative_median_latency,13.52606122445186,pytorch,median_latency,True,1,3,test
32,Int8WeightOnlyConfig,int8,8,False,True,pytorch_relative_p95_latency,1.3661392080743529,pytorch,p95_latency,True,1,3,test
33,Float8WeightOnlyConfig,float8,8,False,True,pytorch_relative_p95_latency,2.30962595184704,pytorch,p95_latency,True,1,3,test
34,Float8StaticActivationFloat8WeightConfig,float8,8,False,False,pytorch_relative_p95_latency,4.746838679255617,pytorch,p95_latency,True,1,3,test
35,Int8DynamicActivationInt8WeightConfig,int8,8,True,False,pytorch_relative_p95_latency,19.53286024342252,pytorch,p95_latency,True,1,3,test
36,Int8WeightOnlyConfig,int8,8,False,True,pytorch_relative_p99_latency,1.4545058738813719,pytorch,p99_latency,True,1,3,test
37,Float8WeightOnlyConfig,float8,8,False,True,pytorch_relative_p99_latency,2.2029654223256347,pytorch,p99_latency,True,1,3,test
38,Float8StaticActivationFloat8WeightConfig,float8,8,False,False,pytorch_relative_p99_latency,4.938514399211796,pytorch,p99_latency,True,1,3,test
39,Int8DynamicActivationInt8WeightConfig,int8,8,True,False,pytorch_relative_p99_latency,18.70590735265346,pytorch,p99_latency,True,1,3,test
0,Int8WeightOnlyConfig,int8,8,False,True,pytorch_quantized_MAE,7.21423416985356,pytorch,MAE,False,2,1,train
1,Float8WeightOnlyConfig,float8,8,False,True,pytorch_quantized_MAE,7.205031448946408,pytorch,MAE,False,2,1,train
2,Float8StaticActivationFloat8WeightConfig,float8,8,False,False,pytorch_quantized_MAE,7.260847753096801,pytorch,MAE,False,2,1,train
3,Int8DynamicActivationInt8WeightConfig,int8,8,True,False,pytorch_quantized_MAE,7.209200206449595,pytorch,MAE,False,2,1,train
4,Int8WeightOnlyConfig,int8,8,False,True,pytorch_relative_MAE,1.0007687144120159,pytorch,MAE,True,2,1,train
5,Float8WeightOnlyConfig,float8,8,False,True,pytorch_relative_MAE,0.999492100019621,pytorch,MAE,True,2,1,train
6,Float8StaticActivationFloat8WeightConfig,float8,8,False,False,pytorch_relative_MAE,1.007235016264458,pytorch,MAE,True,2,1,train
7,Int8DynamicActivationInt8WeightConfig,int8,8,True,False,pytorch_relative_MAE,1.0000703959258717,pytorch,MAE,True,2,1,train
8,Int8WeightOnlyConfig,int8,8,False,True,pytorch_quantized_model_size,206337.0,pytorch,model_size,False,2,1,train
9,Float8WeightOnlyConfig,float8,8,False,True,pytorch_quantized_model_size,206337.0,pytorch,model_size,False,2,1,train
10,Float8StaticActivationFloat8WeightConfig,float8,8,False,False,pytorch_quantized_model_size,206337.0,pytorch,model_size,False,2,1,train
11,Int8DynamicActivationInt8WeightConfig,int8,8,True,False,pytorch_quantized_model_size,206337.0,pytorch,model_size,False,2,1,train
12,Int8WeightOnlyConfig,int8,8,False,True,pytorch_quantized_median_latency,0.0007983770001374069,pytorch,median_latency,False,2,1,train
13,Float8WeightOnlyConfig,float8,8,False,True,pytorch_quantized_median_latency,0.0012489314999584167,pytorch,median_latency,False,2,1,train
14,Float8StaticActivationFloat8WeightConfig,float8,8,False,False,pytorch_quantized_median_latency,0.0025200515001415624,pytorch,median_latency,False,2,1,train
15,Int8DynamicActivationInt8WeightConfig,int8,8,True,False,pytorch_quantized_median_latency,0.007511224999689148,pytorch,median_latency,False,2,1,train
16,Int8WeightOnlyConfig,int8,8,False,True,pytorch_quantized_p95_latency,0.0009784858499642722,pytorch,p95_latency,False,2,1,train
17,Float8WeightOnlyConfig,float8,8,False,True,pytorch_quantized_p95_latency,0.0013832381999691278,pytorch,p95_latency,False,2,1,train
18,Float8StaticActivationFloat8WeightConfig,float8,8,False,False,pytorch_quantized_p95_latency,0.002708938450223286,pytorch,p95_latency,False,2,1,train
19,Int8DynamicActivationInt8WeightConfig,int8,8,True,False,pytorch_quantized_p95_latency,0.007922465949695834,pytorch,p95_latency,False,2,1,train
20,Int8WeightOnlyConfig,int8,8,False,True,pytorch_quantized_p99_latency,0.0010733199404239719,pytorch,p99_latency,False,2,1,train
21,Float8WeightOnlyConfig,float8,8,False,True,pytorch_quantized_p99_latency,0.0014106264597012344,pytorch,p99_latency,False,2,1,train
22,Float8StaticActivationFloat8WeightConfig,float8,8,False,False,pytorch_quantized_p99_latency,0.002934892839948589,pytorch,p99_latency,False,2,1,train
23,Int8DynamicActivationInt8WeightConfig,int8,8,True,False,pytorch_quantized_p99_latency,0.00840636722009549,pytorch,p99_latency,False,2,1,train
24,Int8WeightOnlyConfig,int8,8,False,True,pytorch_relative_model_size,0.25,pytorch,model_size,True,2,1,train
25,Float8WeightOnlyConfig,float8,8,False,True,pytorch_relative_model_size,0.25,pytorch,model_size,True,2,1,train
26,Float8StaticActivationFloat8WeightConfig,float8,8,False,False,pytorch_relative_model_size,0.25,pytorch,model_size,True,2,1,train
27,Int8DynamicActivationInt8WeightConfig,int8,8,True,False,pytorch_relative_model_size,0.25,pytorch,model_size,True,2,1,train
28,Int8WeightOnlyConfig,int8,8,False,True,pytorch_relative_median_latency,1.3286420139442672,pytorch,median_latency,True,2,1,train
29,Float8WeightOnlyConfig,float8,8,False,True,pytorch_relative_median_latency,2.0784452246214413,pytorch,median_latency,True,2,1,train
30,Float8StaticActivationFloat8WeightConfig,float8,8,False,False,pytorch_relative_median_latency,4.1938160791394266,pytorch,median_latency,True,2,1,train
31,Int8DynamicActivationInt8WeightConfig,int8,8,True,False,pytorch_relative_median_latency,12.500020803527566,pytorch,median_latency,True,2,1,train
32,Int8WeightOnlyConfig,int8,8,False,True,pytorch_relative_p95_latency,0.9721447927789519,pytorch,p95_latency,True,2,1,train
33,Float8WeightOnlyConfig,float8,8,False,True,pytorch_relative_p95_latency,1.3742741536037726,pytorch,p95_latency,True,2,1,train
34,Float8StaticActivationFloat8WeightConfig,float8,8,False,False,pytorch_relative_p95_latency,2.691383230978157,pytorch,p95_latency,True,2,1,train
35,Int8DynamicActivationInt8WeightConfig,int8,8,True,False,pytorch_relative_p95_latency,7.871124574000306,pytorch,p95_latency,True,2,1,train
36,Int8WeightOnlyConfig,int8,8,False,True,pytorch_relative_p99_latency,1.0330989001271418,pytorch,p99_latency,True,2,1,train
37,Float8WeightOnlyConfig,float8,8,False,True,pytorch_relative_p99_latency,1.357765368108166,pytorch,p99_latency,True,2,1,train
38,Float8StaticActivationFloat8WeightConfig,float8,8,False,False,pytorch_relative_p99_latency,2.824912172734094,pytorch,p99_latency,True,2,1,train
39,Int8DynamicActivationInt8WeightConfig,int8,8,True,False,pytorch_relative_p99_latency,8.091351331565688,pytorch,p99_latency,True,2,1,train
0,Int8WeightOnlyConfig,int8,8,False,True,pytorch_quantized_MAE,7.278717812567753,pytorch,MAE,False,2,1,test
1,Float8WeightOnlyConfig,float8,8,False,True,pytorch_quantized_MAE,7.269024964670807,pytorch,MAE,False,2,1,test
2,Float8StaticActivationFloat8WeightConfig,float8,8,False,False,pytorch_quantized_MAE,7.391669448321424,pytorch,MAE,False,2,1,test
3,Int8DynamicActivationInt8WeightConfig,int8,8,True,False,pytorch_quantized_MAE,7.279407278726601,pytorch,MAE,False,2,1,test
4,Int8WeightOnlyConfig,int8,8,False,True,pytorch_relative_MAE,1.0008103300099886,pytorch,MAE,True,2,1,test
5,Float8WeightOnlyConfig,float8,8,False,True,pytorch_relative_MAE,0.999477581227541,pytorch,MAE,True,2,1,test
6,Float8StaticActivationFloat8WeightConfig,float8,8,False,False,pytorch_relative_MAE,1.0163409724616872,pytorch,MAE,True,2,1,test
7,Int8DynamicActivationInt8WeightConfig,int8,8,True,False,pytorch_relative_MAE,1.0009051303404501,pytorch,MAE,True,2,1,test
8,Int8WeightOnlyConfig,int8,8,False,True,pytorch_quantized_model_size,206337.0,pytorch,model_size,False,2,1,test
9,Float8WeightOnlyConfig,float8,8,False,True,pytorch_quantized_model_size,206337.0,pytorch,model_size,False,2,1,test
10,Float8StaticActivationFloat8WeightConfig,float8,8,False,False,pytorch_quantized_model_size,206337.0,pytorch,model_size,False,2,1,test
11,Int8DynamicActivationInt8WeightConfig,int8,8,True,False,pytorch_quantized_model_size,206337.0,pytorch,model_size,False,2,1,test
12,Int8WeightOnlyConfig,int8,8,False,True,pytorch_quantized_median_latency,0.000780415000008361,pytorch,median_latency,False,2,1,test
13,Float8WeightOnlyConfig,float8,8,False,True,pytorch_quantized_median_latency,0.0013957364994894306,pytorch,median_latency,False,2,1,test
14,Float8StaticActivationFloat8WeightConfig,float8,8,False,False,pytorch_quantized_median_latency,0.0030451905004156288,pytorch,median_latency,False,2,1,test
15,Int8DynamicActivationInt8WeightConfig,int8,8,True,False,pytorch_quantized_median_latency,0.008494899499964959,pytorch,median_latency,False,2,1,test
16,Int8WeightOnlyConfig,int8,8,False,True,pytorch_quantized_p95_latency,0.0008333068502906826,pytorch,p95_latency,False,2,1,test
17,Float8WeightOnlyConfig,float8,8,False,True,pytorch_quantized_p95_latency,0.0016630351505682484,pytorch,p95_latency,False,2,1,test
18,Float8StaticActivationFloat8WeightConfig,float8,8,False,False,pytorch_quantized_p95_latency,0.0037294958001893976,pytorch,p95_latency,False,2,1,test
19,Int8DynamicActivationInt8WeightConfig,int8,8,True,False,pytorch_quantized_p95_latency,0.011733607699943603,pytorch,p95_latency,False,2,1,test
20,Int8WeightOnlyConfig,int8,8,False,True,pytorch_quantized_p99_latency,0.0009650031401179152,pytorch,p99_latency,False,2,1,test
21,Float8WeightOnlyConfig,float8,8,False,True,pytorch_quantized_p99_latency,0.0019078434700077198,pytorch,p99_latency,False,2,1,test
22,Float8StaticActivationFloat8WeightConfig,float8,8,False,False,pytorch_quantized_p99_latency,0.0038730090995795765,pytorch,p99_latency,False,2,1,test
23,Int8DynamicActivationInt8WeightConfig,int8,8,True,False,pytorch_quantized_p99_latency,0.015168370640167272,pytorch,p99_latency,False,2,1,test
24,Int8WeightOnlyConfig,int8,8,False,True,pytorch_relative_model_size,0.25,pytorch,model_size,True,2,1,test
25,Float8WeightOnlyConfig,float8,8,False,True,pytorch_relative_model_size,0.25,pytorch,model_size,True,2,1,test
26,Float8StaticActivationFloat8WeightConfig,float8,8,False,False,pytorch_relative_model_size,0.25,pytorch,model_size,True,2,1,test
27,Int8DynamicActivationInt8WeightConfig,int8,8,True,False,pytorch_relative_model_size,0.25,pytorch,model_size,True,2,1,test
28,Int8WeightOnlyConfig,int8,8,False,True,pytorch_relative_median_latency,1.4132973074973751,pytorch,median_latency,True,2,1,test
29,Float8WeightOnlyConfig,float8,8,False,True,pytorch_relative_median_latency,2.5276175325731702,pytorch,median_latency,True,2,1,test
30,Float8StaticActivationFloat8WeightConfig,float8,8,False,False,pytorch_relative_median_latency,5.5147063229280375,pytorch,median_latency,True,2,1,test
31,Int8DynamicActivationInt8WeightConfig,int8,8,True,False,pytorch_relative_median_latency,15.383890097746265,pytorch,median_latency,True,2,1,test
32,Int8WeightOnlyConfig,int8,8,False,True,pytorch_relative_p95_latency,1.2819448649483771,pytorch,p95_latency,True,2,1,test
33,Float8WeightOnlyConfig,float8,8,False,True,pytorch_relative_p95_latency,2.558384550368138,pytorch,p95_latency,True,2,1,test
34,Float8StaticActivationFloat8WeightConfig,float8,8,False,False,pytorch_relative_p95_latency,5.737391920193116,pytorch,p95_latency,True,2,1,test
35,Int8DynamicActivationInt8WeightConfig,int8,8,True,False,pytorch_relative_p95_latency,18.05077941338703,pytorch,p95_latency,True,2,1,test
36,Int8WeightOnlyConfig,int8,8,False,True,pytorch_relative_p99_latency,1.413257558768747,pytorch,p99_latency,True,2,1,test
37,Float8WeightOnlyConfig,float8,8,False,True,pytorch_relative_p99_latency,2.7940574417266077,pytorch,p99_latency,True,2,1,test
38,Float8StaticActivationFloat8WeightConfig,float8,8,False,False,pytorch_relative_p99_latency,5.672063807473365,pytorch,p99_latency,True,2,1,test
39,Int8DynamicActivationInt8WeightConfig,int8,8,True,False,pytorch_relative_p99_latency,22.214243218734957,pytorch,p99_latency,True,2,1,test
0,Int8WeightOnlyConfig,int8,8,False,True,pytorch_quantized_MAE,7.2883869081667285,pytorch,MAE,False,2,2,train
1,Float8WeightOnlyConfig,float8,8,False,True,pytorch_quantized_MAE,7.281215993109697,pytorch,MAE,False,2,2,train
2,Float8StaticActivationFloat8WeightConfig,float8,8,False,False,pytorch_quantized_MAE,7.34795810331022,pytorch,MAE,False,2,2,train
3,Int8DynamicActivationInt8WeightConfig,int8,8,True,False,pytorch_quantized_MAE,7.283068166657328,pytorch,MAE,False,2,2,train
4,Int8WeightOnlyConfig,int8,8,False,True,pytorch_relative_MAE,1.0007850942141976,pytorch,MAE,True,2,2,train
5,Float8WeightOnlyConfig,float8,8,False,True,pytorch_relative_MAE,0.9998004394488322,pytorch,MAE,True,2,2,train
6,Float8StaticActivationFloat8WeightConfig,float8,8,False,False,pytorch_relative_MAE,1.008964951416527,pytorch,MAE,True,2,2,train
7,Int8DynamicActivationInt8WeightConfig,int8,8,True,False,pytorch_relative_MAE,1.0000547656394863,pytorch,MAE,True,2,2,train
8,Int8WeightOnlyConfig,int8,8,False,True,pytorch_quantized_model_size,206337.0,pytorch,model_size,False,2,2,train
9,Float8WeightOnlyConfig,float8,8,False,True,pytorch_quantized_model_size,206337.0,pytorch,model_size,False,2,2,train
10,Float8StaticActivationFloat8WeightConfig,float8,8,False,False,pytorch_quantized_model_size,206337.0,pytorch,model_size,False,2,2,train
11,Int8DynamicActivationInt8WeightConfig,int8,8,True,False,pytorch_quantized_model_size,206337.0,pytorch,model_size,False,2,2,train
12,Int8WeightOnlyConfig,int8,8,False,True,pytorch_quantized_median_latency,0.0007268469998962246,pytorch,median_latency,False,2,2,train
13,Float8WeightOnlyConfig,float8,8,False,True,pytorch_quantized_median_latency,0.0012717874997179024,pytorch,median_latency,False,2,2,train
14,Float8StaticActivationFloat8WeightConfig,float8,8,False,False,pytorch_quantized_median_latency,0.0029281824995450734,pytorch,median_latency,False,2,2,train
15,Int8DynamicActivationInt8WeightConfig,int8,8,True,False,pytorch_quantized_median_latency,0.007516142999975273,pytorch,median_latency,False,2,2,train
16,Int8WeightOnlyConfig,int8,8,False,True,pytorch_quantized_p95_latency,0.000867995449789305,pytorch,p95_latency,False,2,2,train
17,Float8WeightOnlyConfig,float8,8,False,True,pytorch_quantized_p95_latency,0.0014250204506879526,pytorch,p95_latency,False,2,2,train
18,Float8StaticActivationFloat8WeightConfig,float8,8,False,False,pytorch_quantized_p95_latency,0.0032452361495870718,pytorch,p95_latency,False,2,2,train
19,Int8DynamicActivationInt8WeightConfig,int8,8,True,False,pytorch_quantized_p95_latency,0.011662062649838843,pytorch,p95_latency,False,2,2,train
20,Int8WeightOnlyConfig,int8,8,False,True,pytorch_quantized_p99_latency,0.0009734069097430634,pytorch,p99_latency,False,2,2,train
21,Float8WeightOnlyConfig,float8,8,False,True,pytorch_quantized_p99_latency,0.001504160599588432,pytorch,p99_latency,False,2,2,train
22,Float8StaticActivationFloat8WeightConfig,float8,8,False,False,pytorch_quantized_p99_latency,0.0032997517000603696,pytorch,p99_latency,False,2,2,train
23,Int8DynamicActivationInt8WeightConfig,int8,8,True,False,pytorch_quantized_p99_latency,0.012327887650617415,pytorch,p99_latency,False,2,2,train
24,Int8WeightOnlyConfig,int8,8,False,True,pytorch_relative_model_size,0.25,pytorch,model_size,True,2,2,train
25,Float8WeightOnlyConfig,float8,8,False,True,pytorch_relative_model_size,0.25,pytorch,model_size,True,2,2,train
26,Float8StaticActivationFloat8WeightConfig,float8,8,False,False,pytorch_relative_model_size,0.25,pytorch,model_size,True,2,2,train
27,Int8DynamicActivationInt8WeightConfig,int8,8,True,False,pytorch_relative_model_size,0.25,pytorch,model_size,True,2,2,train
28,Int8WeightOnlyConfig,int8,8,False,True,pytorch_relative_median_latency,1.3397533382097002,pytorch,median_latency,True,2,2,train
29,Float8WeightOnlyConfig,float8,8,False,True,pytorch_relative_median_latency,2.344209370725475,pytorch,median_latency,True,2,2,train
30,Float8StaticActivationFloat8WeightConfig,float8,8,False,False,pytorch_relative_median_latency,5.397342603344098,pytorch,median_latency,True,2,2,train
31,Int8DynamicActivationInt8WeightConfig,int8,8,True,False,pytorch_relative_median_latency,13.854054121590998,pytorch,median_latency,True,2,2,train
32,Int8WeightOnlyConfig,int8,8,False,True,pytorch_relative_p95_latency,1.3472412140162193,pytorch,p95_latency,True,2,2,train
33,Float8WeightOnlyConfig,float8,8,False,True,pytorch_relative_p95_latency,2.2118160670644023,pytorch,p95_latency,True,2,2,train
34,Float8StaticActivationFloat8WeightConfig,float8,8,False,False,pytorch_relative_p95_latency,5.037026278191072,pytorch,p95_latency,True,2,2,train
35,Int8DynamicActivationInt8WeightConfig,int8,8,True,False,pytorch_relative_p95_latency,18.10102973018567,pytorch,p95_latency,True,2,2,train
36,Int8WeightOnlyConfig,int8,8,False,True,pytorch_relative_p99_latency,1.3271889357417115,pytorch,p99_latency,True,2,2,train
37,Float8WeightOnlyConfig,float8,8,False,True,pytorch_relative_p99_latency,2.050843573608207,pytorch,p99_latency,True,2,2,train
38,Float8StaticActivationFloat8WeightConfig,float8,8,False,False,pytorch_relative_p99_latency,4.499037250691997,pytorch,p99_latency,True,2,2,train
39,Int8DynamicActivationInt8WeightConfig,int8,8,True,False,pytorch_relative_p99_latency,16.808424028225787,pytorch,p99_latency,True,2,2,train
0,Int8WeightOnlyConfig,int8,8,False,True,pytorch_quantized_MAE,7.34076854673513,pytorch,MAE,False,2,2,test
1,Float8WeightOnlyConfig,float8,8,False,True,pytorch_quantized_MAE,7.331077694107874,pytorch,MAE,False,2,2,test
2,Float8StaticActivationFloat8WeightConfig,float8,8,False,False,pytorch_quantized_MAE,7.408470071270459,pytorch,MAE,False,2,2,test
3,Int8DynamicActivationInt8WeightConfig,int8,8,True,False,pytorch_quantized_MAE,7.338220084935903,pytorch,MAE,False,2,2,test
4,Int8WeightOnlyConfig,int8,8,False,True,pytorch_relative_MAE,1.0008845787014864,pytorch,MAE,True,2,2,test
5,Float8WeightOnlyConfig,float8,8,False,True,pytorch_relative_MAE,0.9995632695105839,pytorch,MAE,True,2,2,test
6,Float8StaticActivationFloat8WeightConfig,float8,8,False,False,pytorch_relative_MAE,1.0101154121531322,pytorch,MAE,True,2,2,test
7,Int8DynamicActivationInt8WeightConfig,int8,8,True,False,pytorch_relative_MAE,1.0005371060767856,pytorch,MAE,True,2,2,test
8,Int8WeightOnlyConfig,int8,8,False,True,pytorch_quantized_model_size,206337.0,pytorch,model_size,False,2,2,test
9,Float8WeightOnlyConfig,float8,8,False,True,pytorch_quantized_model_size,206337.0,pytorch,model_size,False,2,2,test
10,Float8StaticActivationFloat8WeightConfig,float8,8,False,False,pytorch_quantized_model_size,206337.0,pytorch,model_size,False,2,2,test
11,Int8DynamicActivationInt8WeightConfig,int8,8,True,False,pytorch_quantized_model_size,206337.0,pytorch,model_size,False,2,2,test
12,Int8WeightOnlyConfig,int8,8,False,True,pytorch_quantized_median_latency,0.0007792004998918856,pytorch,median_latency,False,2,2,test
13,Float8WeightOnlyConfig,float8,8,False,True,pytorch_quantized_median_latency,0.0012701665000349749,pytorch,median_latency,False,2,2,test
14,Float8StaticActivationFloat8WeightConfig,float8,8,False,False,pytorch_quantized_median_latency,0.0024063934997684555,pytorch,median_latency,False,2,2,test
15,Int8DynamicActivationInt8WeightConfig,int8,8,True,False,pytorch_quantized_median_latency,0.0072789380001268,pytorch,median_latency,False,2,2,test
16,Int8WeightOnlyConfig,int8,8,False,True,pytorch_quantized_p95_latency,0.0008455748007236252,pytorch,p95_latency,False,2,2,test
17,Float8WeightOnlyConfig,float8,8,False,True,pytorch_quantized_p95_latency,0.0014035692996912984,pytorch,p95_latency,False,2,2,test
18,Float8StaticActivationFloat8WeightConfig,float8,8,False,False,pytorch_quantized_p95_latency,0.003160485699390847,pytorch,p95_latency,False,2,2,test
19,Int8DynamicActivationInt8WeightConfig,int8,8,True,False,pytorch_quantized_p95_latency,0.007741880199910156,pytorch,p95_latency,False,2,2,test
20,Int8WeightOnlyConfig,int8,8,False,True,pytorch_quantized_p99_latency,0.0008938726491214766,pytorch,p99_latency,False,2,2,test
21,Float8WeightOnlyConfig,float8,8,False,True,pytorch_quantized_p99_latency,0.0014890341702539444,pytorch,p99_latency,False,2,2,test
22,Float8StaticActivationFloat8WeightConfig,float8,8,False,False,pytorch_quantized_p99_latency,0.003271104899877173,pytorch,p99_latency,False,2,2,test
23,Int8DynamicActivationInt8WeightConfig,int8,8,True,False,pytorch_quantized_p99_latency,0.013250550520560867,pytorch,p99_latency,False,2,2,test
24,Int8WeightOnlyConfig,int8,8,False,True,pytorch_relative_model_size,0.25,pytorch,model_size,True,2,2,test
25,Float8WeightOnlyConfig,float8,8,False,True,pytorch_relative_model_size,0.25,pytorch,model_size,True,2,2,test
26,Float8StaticActivationFloat8WeightConfig,float8,8,False,False,pytorch_relative_model_size,0.25,pytorch,model_size,True,2,2,test
27,Int8DynamicActivationInt8WeightConfig,int8,8,True,False,pytorch_relative_model_size,0.25,pytorch,model_size,True,2,2,test
28,Int8WeightOnlyConfig,int8,8,False,True,pytorch_relative_median_latency,1.404393773417325,pytorch,median_latency,True,2,2,test
29,Float8WeightOnlyConfig,float8,8,False,True,pytorch_relative_median_latency,2.2892874479673724,pytorch,median_latency,True,2,2,test
30,Float8StaticActivationFloat8WeightConfig,float8,8,False,False,pytorch_relative_median_latency,4.337168736333787,pytorch,median_latency,True,2,2,test
31,Int8DynamicActivationInt8WeightConfig,int8,8,True,False,pytorch_relative_median_latency,13.119210275002661,pytorch,median_latency,True,2,2,test
32,Int8WeightOnlyConfig,int8,8,False,True,pytorch_relative_p95_latency,1.3194605897005307,pytorch,p95_latency,True,2,2,test
33,Float8WeightOnlyConfig,float8,8,False,True,pytorch_relative_p95_latency,2.1901721459430648,pytorch,p95_latency,True,2,2,test
34,Float8StaticActivationFloat8WeightConfig,float8,8,False,False,pytorch_relative_p95_latency,4.931717833939263,pytorch,p95_latency,True,2,2,test
35,Int8DynamicActivationInt8WeightConfig,int8,8,True,False,pytorch_relative_p95_latency,12.080664898270907,pytorch,p95_latency,True,2,2,test
36,Int8WeightOnlyConfig,int8,8,False,True,pytorch_relative_p99_latency,1.2369848469344173,pytorch,p99_latency,True,2,2,test
37,Float8WeightOnlyConfig,float8,8,False,True,pytorch_relative_p99_latency,2.0605985729421037,pytorch,p99_latency,True,2,2,test
38,Float8StaticActivationFloat8WeightConfig,float8,8,False,False,pytorch_relative_p99_latency,4.526715520222946,pytorch,p99_latency,True,2,2,test
39,Int8DynamicActivationInt8WeightConfig,int8,8,True,False,pytorch_relative_p99_latency,18.33676220385759,pytorch,p99_latency,True,2,2,test
0,Int8WeightOnlyConfig,int8,8,False,True,pytorch_quantized_MAE,7.252411468130915,pytorch,MAE,False,2,3,train
1,Float8WeightOnlyConfig,float8,8,False,True,pytorch_quantized_MAE,7.244236955131973,pytorch,MAE,False,2,3,train
2,Float8StaticActivationFloat8WeightConfig,float8,8,False,False,pytorch_quantized_MAE,7.309839389597632,pytorch,MAE,False,2,3,train
3,Int8DynamicActivationInt8WeightConfig,int8,8,True,False,pytorch_quantized_MAE,7.247205285194599,pytorch,MAE,False,2,3,train
4,Int8WeightOnlyConfig,int8,8,False,True,pytorch_relative_MAE,1.0007415458814344,pytorch,MAE,True,2,3,train
5,Float8WeightOnlyConfig,float8,8,False,True,pytorch_relative_MAE,0.9996135659245143,pytorch,MAE,True,2,3,train
6,Float8StaticActivationFloat8WeightConfig,float8,8,False,False,pytorch_relative_MAE,1.0086658765896273,pytorch,MAE,True,2,3,train
7,Int8DynamicActivationInt8WeightConfig,int8,8,True,False,pytorch_relative_MAE,1.000023158130998,pytorch,MAE,True,2,3,train
8,Int8WeightOnlyConfig,int8,8,False,True,pytorch_quantized_model_size,206337.0,pytorch,model_size,False,2,3,train
9,Float8WeightOnlyConfig,float8,8,False,True,pytorch_quantized_model_size,206337.0,pytorch,model_size,False,2,3,train
10,Float8StaticActivationFloat8WeightConfig,float8,8,False,False,pytorch_quantized_model_size,206337.0,pytorch,model_size,False,2,3,train
11,Int8DynamicActivationInt8WeightConfig,int8,8,True,False,pytorch_quantized_model_size,206337.0,pytorch,model_size,False,2,3,train
12,Int8WeightOnlyConfig,int8,8,False,True,pytorch_quantized_median_latency,0.0008368194994545775,pytorch,median_latency,False,2,3,train
13,Float8WeightOnlyConfig,float8,8,False,True,pytorch_quantized_median_latency,0.00128988400047092,pytorch,median_latency,False,2,3,train
14,Float8StaticActivationFloat8WeightConfig,float8,8,False,False,pytorch_quantized_median_latency,0.0027225285002714372,pytorch,median_latency,False,2,3,train
15,Int8DynamicActivationInt8WeightConfig,int8,8,True,False,pytorch_quantized_median_latency,0.008430231999682292,pytorch,median_latency,False,2,3,train
16,Int8WeightOnlyConfig,int8,8,False,True,pytorch_quantized_p95_latency,0.0009602371004348243,pytorch,p95_latency,False,2,3,train
17,Float8WeightOnlyConfig,float8,8,False,True,pytorch_quantized_p95_latency,0.00151582674943711,pytorch,p95_latency,False,2,3,train
18,Float8StaticActivationFloat8WeightConfig,float8,8,False,False,pytorch_quantized_p95_latency,0.003039916250054375,pytorch,p95_latency,False,2,3,train
19,Int8DynamicActivationInt8WeightConfig,int8,8,True,False,pytorch_quantized_p95_latency,0.014229541900022012,pytorch,p95_latency,False,2,3,train
20,Int8WeightOnlyConfig,int8,8,False,True,pytorch_quantized_p99_latency,0.0011742012494687516,pytorch,p99_latency,False,2,3,train
21,Float8WeightOnlyConfig,float8,8,False,True,pytorch_quantized_p99_latency,0.001634864069774267,pytorch,p99_latency,False,2,3,train
22,Float8StaticActivationFloat8WeightConfig,float8,8,False,False,pytorch_quantized_p99_latency,0.0031769039301889294,pytorch,p99_latency,False,2,3,train
23,Int8DynamicActivationInt8WeightConfig,int8,8,True,False,pytorch_quantized_p99_latency,0.014953316450701096,pytorch,p99_latency,False,2,3,train
24,Int8WeightOnlyConfig,int8,8,False,True,pytorch_relative_model_size,0.25,pytorch,model_size,True,2,3,train
25,Float8WeightOnlyConfig,float8,8,False,True,pytorch_relative_model_size,0.25,pytorch,model_size,True,2,3,train
26,Float8StaticActivationFloat8WeightConfig,float8,8,False,False,pytorch_relative_model_size,0.25,pytorch,model_size,True,2,3,train
27,Int8DynamicActivationInt8WeightConfig,int8,8,True,False,pytorch_relative_model_size,0.25,pytorch,model_size,True,2,3,train
28,Int8WeightOnlyConfig,int8,8,False,True,pytorch_relative_median_latency,1.4323741876365523,pytorch,median_latency,True,2,3,train
29,Float8WeightOnlyConfig,float8,8,False,True,pytorch_relative_median_latency,2.2078794154822488,pytorch,median_latency,True,2,3,train
30,Float8StaticActivationFloat8WeightConfig,float8,8,False,False,pytorch_relative_median_latency,4.660120314399218,pytorch,median_latency,True,2,3,train
31,Int8DynamicActivationInt8WeightConfig,int8,8,True,False,pytorch_relative_median_latency,14.429929895279688,pytorch,median_latency,True,2,3,train
32,Int8WeightOnlyConfig,int8,8,False,True,pytorch_relative_p95_latency,1.423798054731316,pytorch,p95_latency,True,2,3,train
33,Float8WeightOnlyConfig,float8,8,False,True,pytorch_relative_p95_latency,2.247602364229563,pytorch,p95_latency,True,2,3,train
34,Float8StaticActivationFloat8WeightConfig,float8,8,False,False,pytorch_relative_p95_latency,4.507456378652298,pytorch,p95_latency,True,2,3,train
35,Int8DynamicActivationInt8WeightConfig,int8,8,True,False,pytorch_relative_p95_latency,21.098949486324532,pytorch,p95_latency,True,2,3,train
36,Int8WeightOnlyConfig,int8,8,False,True,pytorch_relative_p99_latency,1.6799648947736379,pytorch,p99_latency,True,2,3,train
37,Float8WeightOnlyConfig,float8,8,False,True,pytorch_relative_p99_latency,2.339048988570012,pytorch,p99_latency,True,2,3,train
38,Float8StaticActivationFloat8WeightConfig,float8,8,False,False,pytorch_relative_p99_latency,4.545291600737506,pytorch,p99_latency,True,2,3,train
39,Int8DynamicActivationInt8WeightConfig,int8,8,True,False,pytorch_relative_p99_latency,21.394157695697043,pytorch,p99_latency,True,2,3,train
0,Int8WeightOnlyConfig,int8,8,False,True,pytorch_quantized_MAE,7.059299361335704,pytorch,MAE,False,2,3,test
1,Float8WeightOnlyConfig,float8,8,False,True,pytorch_quantized_MAE,7.050633553391005,pytorch,MAE,False,2,3,test
2,Float8StaticActivationFloat8WeightConfig,float8,8,False,False,pytorch_quantized_MAE,7.10463024867893,pytorch,MAE,False,2,3,test
3,Int8DynamicActivationInt8WeightConfig,int8,8,True,False,pytorch_quantized_MAE,7.057804204558608,pytorch,MAE,False,2,3,test
4,Int8WeightOnlyConfig,int8,8,False,True,pytorch_relative_MAE,1.0008573989383225,pytorch,MAE,True,2,3,test
5,Float8WeightOnlyConfig,float8,8,False,True,pytorch_relative_MAE,0.9996287730428499,pytorch,MAE,True,2,3,test
6,Float8StaticActivationFloat8WeightConfig,float8,8,False,False,pytorch_relative_MAE,1.0072843475171576,pytorch,MAE,True,2,3,test
7,Int8DynamicActivationInt8WeightConfig,int8,8,True,False,pytorch_relative_MAE,1.0006454177421256,pytorch,MAE,True,2,3,test
8,Int8WeightOnlyConfig,int8,8,False,True,pytorch_quantized_model_size,206337.0,pytorch,model_size,False,2,3,test
9,Float8WeightOnlyConfig,float8,8,False,True,pytorch_quantized_model_size,206337.0,pytorch,model_size,False,2,3,test
10,Float8StaticActivationFloat8WeightConfig,float8,8,False,False,pytorch_quantized_model_size,206337.0,pytorch,model_size,False,2,3,test
11,Int8DynamicActivationInt8WeightConfig,int8,8,True,False,pytorch_quantized_model_size,206337.0,pytorch,model_size,False,2,3,test
12,Int8WeightOnlyConfig,int8,8,False,True,pytorch_quantized_median_latency,0.0008364249997612205,pytorch,median_latency,False,2,3,test
13,Float8WeightOnlyConfig,float8,8,False,True,pytorch_quantized_median_latency,0.0013468444999489293,pytorch,median_latency,False,2,3,test
14,Float8StaticActivationFloat8WeightConfig,float8,8,False,False,pytorch_quantized_median_latency,0.003051968500130897,pytorch,median_latency,False,2,3,test
15,Int8DynamicActivationInt8WeightConfig,int8,8,True,False,pytorch_quantized_median_latency,0.008156578999660269,pytorch,median_latency,False,2,3,test
16,Int8WeightOnlyConfig,int8,8,False,True,pytorch_quantized_p95_latency,0.0009875918491616174,pytorch,p95_latency,False,2,3,test
17,Float8WeightOnlyConfig,float8,8,False,True,pytorch_quantized_p95_latency,0.0018495039500976418,pytorch,p95_latency,False,2,3,test
18,Float8StaticActivationFloat8WeightConfig,float8,8,False,False,pytorch_quantized_p95_latency,0.0034808350499133667,pytorch,p95_latency,False,2,3,test
19,Int8DynamicActivationInt8WeightConfig,int8,8,True,False,pytorch_quantized_p95_latency,0.012701120250540043,pytorch,p95_latency,False,2,3,test
20,Int8WeightOnlyConfig,int8,8,False,True,pytorch_quantized_p99_latency,0.0010907750203750768,pytorch,p99_latency,False,2,3,test
21,Float8WeightOnlyConfig,float8,8,False,True,pytorch_quantized_p99_latency,0.0019108749097904367,pytorch,p99_latency,False,2,3,test
22,Float8StaticActivationFloat8WeightConfig,float8,8,False,False,pytorch_quantized_p99_latency,0.003522455030142738,pytorch,p99_latency,False,2,3,test
23,Int8DynamicActivationInt8WeightConfig,int8,8,True,False,pytorch_quantized_p99_latency,0.013156124759498199,pytorch,p99_latency,False,2,3,test
24,Int8WeightOnlyConfig,int8,8,False,True,pytorch_relative_model_size,0.25,pytorch,model_size,True,2,3,test
25,Float8WeightOnlyConfig,float8,8,False,True,pytorch_relative_model_size,0.25,pytorch,model_size,True,2,3,test
26,Float8StaticActivationFloat8WeightConfig,float8,8,False,False,pytorch_relative_model_size,0.25,pytorch,model_size,True,2,3,test
27,Int8DynamicActivationInt8WeightConfig,int8,8,True,False,pytorch_relative_model_size,0.25,pytorch,model_size,True,2,3,test
28,Int8WeightOnlyConfig,int8,8,False,True,pytorch_relative_median_latency,1.3311831959646026,pytorch,median_latency,True,2,3,test
29,Float8WeightOnlyConfig,float8,8,False,True,pytorch_relative_median_latency,2.1435236469751526,pytorch,median_latency,True,2,3,test
30,Float8StaticActivationFloat8WeightConfig,float8,8,False,False,pytorch_relative_median_latency,4.857254605191565,pytorch,median_latency,True,2,3,test
31,Int8DynamicActivationInt8WeightConfig,int8,8,True,False,pytorch_relative_median_latency,12.981320386173524,pytorch,median_latency,True,2,3,test
32,Int8WeightOnlyConfig,int8,8,False,True,pytorch_relative_p95_latency,1.259273494053729,pytorch,p95_latency,True,2,3,test
33,Float8WeightOnlyConfig,float8,8,False,True,pytorch_relative_p95_latency,2.358293361253217,pytorch,p95_latency,True,2,3,test
34,Float8StaticActivationFloat8WeightConfig,float8,8,False,False,pytorch_relative_p95_latency,4.43839559758433,pytorch,p95_latency,True,2,3,test
35,Int8DynamicActivationInt8WeightConfig,int8,8,True,False,pytorch_relative_p95_latency,16.195135763698183,pytorch,p95_latency,True,2,3,test
36,Int8WeightOnlyConfig,int8,8,False,True,pytorch_relative_p99_latency,1.323731738044769,pytorch,p99_latency,True,2,3,test
37,Float8WeightOnlyConfig,float8,8,False,True,pytorch_relative_p99_latency,2.318980283077293,pytorch,p99_latency,True,2,3,test
38,Float8StaticActivationFloat8WeightConfig,float8,8,False,False,pytorch_relative_p99_latency,4.274745416916522,pytorch,p99_latency,True,2,3,test
39,Int8DynamicActivationInt8WeightConfig,int8,8,True,False,pytorch_relative_p99_latency,15.965877076865896,pytorch,p99_latency,True,2,3,test
0,Int8WeightOnlyConfig,int8,8,False,True,pytorch_quantized_MAE,7.240975802709001,pytorch,MAE,False,3,1,train
1,Float8WeightOnlyConfig,float8,8,False,True,pytorch_quantized_MAE,7.233356651865429,pytorch,MAE,False,3,1,train
2,Float8StaticActivationFloat8WeightConfig,float8,8,False,False,pytorch_quantized_MAE,7.294515353088397,pytorch,MAE,False,3,1,train
3,Int8DynamicActivationInt8WeightConfig,int8,8,True,False,pytorch_quantized_MAE,7.235513254894122,pytorch,MAE,False,3,1,train
4,Int8WeightOnlyConfig,int8,8,False,True,pytorch_relative_MAE,1.000801994629233,pytorch,MAE,True,3,1,train
5,Float8WeightOnlyConfig,float8,8,False,True,pytorch_relative_MAE,0.9997489236662317,pytorch,MAE,True,3,1,train
6,Float8StaticActivationFloat8WeightConfig,float8,8,False,False,pytorch_relative_MAE,1.0082018935200987,pytorch,MAE,True,3,1,train
7,Int8DynamicActivationInt8WeightConfig,int8,8,True,False,pytorch_relative_MAE,1.0000469957315923,pytorch,MAE,True,3,1,train
8,Int8WeightOnlyConfig,int8,8,False,True,pytorch_quantized_model_size,206337.0,pytorch,model_size,False,3,1,train
9,Float8WeightOnlyConfig,float8,8,False,True,pytorch_quantized_model_size,206337.0,pytorch,model_size,False,3,1,train
10,Float8StaticActivationFloat8WeightConfig,float8,8,False,False,pytorch_quantized_model_size,206337.0,pytorch,model_size,False,3,1,train
11,Int8DynamicActivationInt8WeightConfig,int8,8,True,False,pytorch_quantized_model_size,206337.0,pytorch,model_size,False,3,1,train
12,Int8WeightOnlyConfig,int8,8,False,True,pytorch_quantized_median_latency,0.0008604664999438683,pytorch,median_latency,False,3,1,train
13,Float8WeightOnlyConfig,float8,8,False,True,pytorch_quantized_median_latency,0.001386818499668152,pytorch,median_latency,False,3,1,train
14,Float8StaticActivationFloat8WeightConfig,float8,8,False,False,pytorch_quantized_median_latency,0.0025299279996033874,pytorch,median_latency,False,3,1,train
15,Int8DynamicActivationInt8WeightConfig,int8,8,True,False,pytorch_quantized_median_latency,0.007698012998844206,pytorch,median_latency,False,3,1,train
16,Int8WeightOnlyConfig,int8,8,False,True,pytorch_quantized_p95_latency,0.000965185851237038,pytorch,p95_latency,False,3,1,train
17,Float8WeightOnlyConfig,float8,8,False,True,pytorch_quantized_p95_latency,0.0015602685507474234,pytorch,p95_latency,False,3,1,train
18,Float8StaticActivationFloat8WeightConfig,float8,8,False,False,pytorch_quantized_p95_latency,0.0029634728506607645,pytorch,p95_latency,False,3,1,train
19,Int8DynamicActivationInt8WeightConfig,int8,8,True,False,pytorch_quantized_p95_latency,0.009052636048727431,pytorch,p95_latency,False,3,1,train
20,Int8WeightOnlyConfig,int8,8,False,True,pytorch_quantized_p99_latency,0.001015349529334344,pytorch,p99_latency,False,3,1,train
21,Float8WeightOnlyConfig,float8,8,False,True,pytorch_quantized_p99_latency,0.0016613922800024748,pytorch,p99_latency,False,3,1,train
22,Float8StaticActivationFloat8WeightConfig,float8,8,False,False,pytorch_quantized_p99_latency,0.003194607589502994,pytorch,p99_latency,False,3,1,train
23,Int8DynamicActivationInt8WeightConfig,int8,8,True,False,pytorch_quantized_p99_latency,0.013751596160636837,pytorch,p99_latency,False,3,1,train
24,Int8WeightOnlyConfig,int8,8,False,True,pytorch_relative_model_size,0.25,pytorch,model_size,True,3,1,train
25,Float8WeightOnlyConfig,float8,8,False,True,pytorch_relative_model_size,0.25,pytorch,model_size,True,3,1,train
26,Float8StaticActivationFloat8WeightConfig,float8,8,False,False,pytorch_relative_model_size,0.25,pytorch,model_size,True,3,1,train
27,Int8DynamicActivationInt8WeightConfig,int8,8,True,False,pytorch_relative_model_size,0.25,pytorch,model_size,True,3,1,train
28,Int8WeightOnlyConfig,int8,8,False,True,pytorch_relative_median_latency,1.485635136282228,pytorch,median_latency,True,3,1,train
29,Float8WeightOnlyConfig,float8,8,False,True,pytorch_relative_median_latency,2.3944061632702867,pytorch,median_latency,True,3,1,train
30,Float8StaticActivationFloat8WeightConfig,float8,8,False,False,pytorch_relative_median_latency,4.368037487479395,pytorch,median_latency,True,3,1,train
31,Int8DynamicActivationInt8WeightConfig,int8,8,True,False,pytorch_relative_median_latency,13.290974827475933,pytorch,median_latency,True,3,1,train
32,Int8WeightOnlyConfig,int8,8,False,True,pytorch_relative_p95_latency,1.4382971641466804,pytorch,p95_latency,True,3,1,train
33,Float8WeightOnlyConfig,float8,8,False,True,pytorch_relative_p95_latency,2.3250753510021553,pytorch,p95_latency,True,3,1,train
34,Float8StaticActivationFloat8WeightConfig,float8,8,False,False,pytorch_relative_p95_latency,4.416097264240018,pytorch,p95_latency,True,3,1,train
35,Int8DynamicActivationInt8WeightConfig,int8,8,True,False,pytorch_relative_p95_latency,13.490024475855092,pytorch,p95_latency,True,3,1,train
36,Int8WeightOnlyConfig,int8,8,False,True,pytorch_relative_p99_latency,1.4082458349356097,pytorch,p99_latency,True,3,1,train
37,Float8WeightOnlyConfig,float8,8,False,True,pytorch_relative_p99_latency,2.3042791579777644,pytorch,p99_latency,True,3,1,train
38,Float8StaticActivationFloat8WeightConfig,float8,8,False,False,pytorch_relative_p99_latency,4.4307824076312485,pytorch,p99_latency,True,3,1,train
39,Int8DynamicActivationInt8WeightConfig,int8,8,True,False,pytorch_relative_p99_latency,19.07286846297089,pytorch,p99_latency,True,3,1,train
0,Int8WeightOnlyConfig,int8,8,False,True,pytorch_quantized_MAE,7.269383198118165,pytorch,MAE,False,3,1,test
1,Float8WeightOnlyConfig,float8,8,False,True,pytorch_quantized_MAE,7.265728639188176,pytorch,MAE,False,3,1,test
2,Float8StaticActivationFloat8WeightConfig,float8,8,False,False,pytorch_quantized_MAE,7.294041914415046,pytorch,MAE,False,3,1,test
3,Int8DynamicActivationInt8WeightConfig,int8,8,True,False,pytorch_quantized_MAE,7.261905117519375,pytorch,MAE,False,3,1,test
4,Int8WeightOnlyConfig,int8,8,False,True,pytorch_relative_MAE,1.000979154467867,pytorch,MAE,True,3,1,test
5,Float8WeightOnlyConfig,float8,8,False,True,pytorch_relative_MAE,1.0004759291999186,pytorch,MAE,True,3,1,test
6,Float8StaticActivationFloat8WeightConfig,float8,8,False,False,pytorch_relative_MAE,1.0043746091187518,pytorch,MAE,True,3,1,test
7,Int8DynamicActivationInt8WeightConfig,int8,8,True,False,pytorch_relative_MAE,0.999949438109434,pytorch,MAE,True,3,1,test
8,Int8WeightOnlyConfig,int8,8,False,True,pytorch_quantized_model_size,206337.0,pytorch,model_size,False,3,1,test
9,Float8WeightOnlyConfig,float8,8,False,True,pytorch_quantized_model_size,206337.0,pytorch,model_size,False,3,1,test
10,Float8StaticActivationFloat8WeightConfig,float8,8,False,False,pytorch_quantized_model_size,206337.0,pytorch,model_size,False,3,1,test
11,Int8DynamicActivationInt8WeightConfig,int8,8,True,False,pytorch_quantized_model_size,206337.0,pytorch,model_size,False,3,1,test
12,Int8WeightOnlyConfig,int8,8,False,True,pytorch_quantized_median_latency,0.0007895339995229733,pytorch,median_latency,False,3,1,test
13,Float8WeightOnlyConfig,float8,8,False,True,pytorch_quantized_median_latency,0.0013198235001254943,pytorch,median_latency,False,3,1,test
14,Float8StaticActivationFloat8WeightConfig,float8,8,False,False,pytorch_quantized_median_latency,0.0025853819997792016,pytorch,median_latency,False,3,1,test
15,Int8DynamicActivationInt8WeightConfig,int8,8,True,False,pytorch_quantized_median_latency,0.00783408050028811,pytorch,median_latency,False,3,1,test
16,Int8WeightOnlyConfig,int8,8,False,True,pytorch_quantized_p95_latency,0.0009111486984693329,pytorch,p95_latency,False,3,1,test
17,Float8WeightOnlyConfig,float8,8,False,True,pytorch_quantized_p95_latency,0.0014575952491213684,pytorch,p95_latency,False,3,1,test
18,Float8StaticActivationFloat8WeightConfig,float8,8,False,False,pytorch_quantized_p95_latency,0.0027777622493886157,pytorch,p95_latency,False,3,1,test
19,Int8DynamicActivationInt8WeightConfig,int8,8,True,False,pytorch_quantized_p95_latency,0.011439786748542246,pytorch,p95_latency,False,3,1,test
20,Int8WeightOnlyConfig,int8,8,False,True,pytorch_quantized_p99_latency,0.0010432159511583458,pytorch,p99_latency,False,3,1,test
21,Float8WeightOnlyConfig,float8,8,False,True,pytorch_quantized_p99_latency,0.0015752321505169678,pytorch,p99_latency,False,3,1,test
22,Float8StaticActivationFloat8WeightConfig,float8,8,False,False,pytorch_quantized_p99_latency,0.0030314917205032546,pytorch,p99_latency,False,3,1,test
23,Int8DynamicActivationInt8WeightConfig,int8,8,True,False,pytorch_quantized_p99_latency,0.012822971029872864,pytorch,p99_latency,False,3,1,test
24,Int8WeightOnlyConfig,int8,8,False,True,pytorch_relative_model_size,0.25,pytorch,model_size,True,3,1,test
25,Float8WeightOnlyConfig,float8,8,False,True,pytorch_relative_model_size,0.25,pytorch,model_size,True,3,1,test
26,Float8StaticActivationFloat8WeightConfig,float8,8,False,False,pytorch_relative_model_size,0.25,pytorch,model_size,True,3,1,test
27,Int8DynamicActivationInt8WeightConfig,int8,8,True,False,pytorch_relative_model_size,0.25,pytorch,model_size,True,3,1,test
28,Int8WeightOnlyConfig,int8,8,False,True,pytorch_relative_median_latency,1.3682435601097913,pytorch,median_latency,True,3,1,test
29,Float8WeightOnlyConfig,float8,8,False,True,pytorch_relative_median_latency,2.287222596644778,pytorch,median_latency,True,3,1,test
30,Float8StaticActivationFloat8WeightConfig,float8,8,False,False,pytorch_relative_median_latency,4.480405243800697,pytorch,median_latency,True,3,1,test
31,Int8DynamicActivationInt8WeightConfig,int8,8,True,False,pytorch_relative_median_latency,13.576274359783294,pytorch,median_latency,True,3,1,test
32,Int8WeightOnlyConfig,int8,8,False,True,pytorch_relative_p95_latency,1.358402425204872,pytorch,p95_latency,True,3,1,test
33,Float8WeightOnlyConfig,float8,8,False,True,pytorch_relative_p95_latency,2.1730820937348994,pytorch,p95_latency,True,3,1,test
34,Float8StaticActivationFloat8WeightConfig,float8,8,False,False,pytorch_relative_p95_latency,4.1412768108553,pytorch,p95_latency,True,3,1,test
35,Int8DynamicActivationInt8WeightConfig,int8,8,True,False,pytorch_relative_p95_latency,17.05521183222036,pytorch,p95_latency,True,3,1,test
36,Int8WeightOnlyConfig,int8,8,False,True,pytorch_relative_p99_latency,1.3083210128636973,pytorch,p99_latency,True,3,1,test
37,Float8WeightOnlyConfig,float8,8,False,True,pytorch_relative_p99_latency,1.9755347110744108,pytorch,p99_latency,True,3,1,test
38,Float8StaticActivationFloat8WeightConfig,float8,8,False,False,pytorch_relative_p99_latency,3.8018631845619866,pytorch,p99_latency,True,3,1,test
39,Int8DynamicActivationInt8WeightConfig,int8,8,True,False,pytorch_relative_p99_latency,16.081581600719467,pytorch,p99_latency,True,3,1,test
0,Int8WeightOnlyConfig,int8,8,False,True,pytorch_quantized_MAE,7.254785316273983,pytorch,MAE,False,3,2,train
1,Float8WeightOnlyConfig,float8,8,False,True,pytorch_quantized_MAE,7.247173413153392,pytorch,MAE,False,3,2,train
2,Float8StaticActivationFloat8WeightConfig,float8,8,False,False,pytorch_quantized_MAE,7.315203806113737,pytorch,MAE,False,3,2,train
3,Int8DynamicActivationInt8WeightConfig,int8,8,True,False,pytorch_quantized_MAE,7.249680622987285,pytorch,MAE,False,3,2,train
4,Int8WeightOnlyConfig,int8,8,False,True,pytorch_relative_MAE,1.0008472859355535,pytorch,MAE,True,3,2,train
5,Float8WeightOnlyConfig,float8,8,False,True,pytorch_relative_MAE,0.9997971718044079,pytorch,MAE,True,3,2,train
6,Float8StaticActivationFloat8WeightConfig,float8,8,False,False,pytorch_relative_MAE,1.009182430111467,pytorch,MAE,True,3,2,train
7,Int8DynamicActivationInt8WeightConfig,int8,8,True,False,pytorch_relative_MAE,1.0001430585602702,pytorch,MAE,True,3,2,train
8,Int8WeightOnlyConfig,int8,8,False,True,pytorch_quantized_model_size,206337.0,pytorch,model_size,False,3,2,train
9,Float8WeightOnlyConfig,float8,8,False,True,pytorch_quantized_model_size,206337.0,pytorch,model_size,False,3,2,train
10,Float8StaticActivationFloat8WeightConfig,float8,8,False,False,pytorch_quantized_model_size,206337.0,pytorch,model_size,False,3,2,train
11,Int8DynamicActivationInt8WeightConfig,int8,8,True,False,pytorch_quantized_model_size,206337.0,pytorch,model_size,False,3,2,train
12,Int8WeightOnlyConfig,int8,8,False,True,pytorch_quantized_median_latency,0.0007890375009083073,pytorch,median_latency,False,3,2,train
13,Float8WeightOnlyConfig,float8,8,False,True,pytorch_quantized_median_latency,0.00154091599961248,pytorch,median_latency,False,3,2,train
14,Float8StaticActivationFloat8WeightConfig,float8,8,False,False,pytorch_quantized_median_latency,0.002608463501019287,pytorch,median_latency,False,3,2,train
15,Int8DynamicActivationInt8WeightConfig,int8,8,True,False,pytorch_quantized_median_latency,0.007733896000900131,pytorch,median_latency,False,3,2,train
16,Int8WeightOnlyConfig,int8,8,False,True,pytorch_quantized_p95_latency,0.0008670386499943561,pytorch,p95_latency,False,3,2,train
17,Float8WeightOnlyConfig,float8,8,False,True,pytorch_quantized_p95_latency,0.0016673989998707839,pytorch,p95_latency,False,3,2,train
18,Float8StaticActivationFloat8WeightConfig,float8,8,False,False,pytorch_quantized_p95_latency,0.0028032683505443854,pytorch,p95_latency,False,3,2,train
19,Int8DynamicActivationInt8WeightConfig,int8,8,True,False,pytorch_quantized_p95_latency,0.012780290500086266,pytorch,p95_latency,False,3,2,train
20,Int8WeightOnlyConfig,int8,8,False,True,pytorch_quantized_p99_latency,0.000956904199756538,pytorch,p99_latency,False,3,2,train
21,Float8WeightOnlyConfig,float8,8,False,True,pytorch_quantized_p99_latency,0.001679358999917895,pytorch,p99_latency,False,3,2,train
22,Float8StaticActivationFloat8WeightConfig,float8,8,False,False,pytorch_quantized_p99_latency,0.003045927489802126,pytorch,p99_latency,False,3,2,train
23,Int8DynamicActivationInt8WeightConfig,int8,8,True,False,pytorch_quantized_p99_latency,0.014029354900321778,pytorch,p99_latency,False,3,2,train
24,Int8WeightOnlyConfig,int8,8,False,True,pytorch_relative_model_size,0.25,pytorch,model_size,True,3,2,train
25,Float8WeightOnlyConfig,float8,8,False,True,pytorch_relative_model_size,0.25,pytorch,model_size,True,3,2,train
26,Float8StaticActivationFloat8WeightConfig,float8,8,False,False,pytorch_relative_model_size,0.25,pytorch,model_size,True,3,2,train
27,Int8DynamicActivationInt8WeightConfig,int8,8,True,False,pytorch_relative_model_size,0.25,pytorch,model_size,True,3,2,train
28,Int8WeightOnlyConfig,int8,8,False,True,pytorch_relative_median_latency,1.3341429703453647,pytorch,median_latency,True,3,2,train
29,Float8WeightOnlyConfig,float8,8,False,True,pytorch_relative_median_latency,2.6054556930553194,pytorch,median_latency,True,3,2,train
30,Float8StaticActivationFloat8WeightConfig,float8,8,False,False,pytorch_relative_median_latency,4.4105169136843765,pytorch,median_latency,True,3,2,train
31,Int8DynamicActivationInt8WeightConfig,int8,8,True,False,pytorch_relative_median_latency,13.076847388248648,pytorch,median_latency,True,3,2,train
32,Int8WeightOnlyConfig,int8,8,False,True,pytorch_relative_p95_latency,0.8431442380615352,pytorch,p95_latency,True,3,2,train
33,Float8WeightOnlyConfig,float8,8,False,True,pytorch_relative_p95_latency,1.621447739728522,pytorch,p95_latency,True,3,2,train
34,Float8StaticActivationFloat8WeightConfig,float8,8,False,False,pytorch_relative_p95_latency,2.726014068135426,pytorch,p95_latency,True,3,2,train
35,Int8DynamicActivationInt8WeightConfig,int8,8,True,False,pytorch_relative_p95_latency,12.428082987961902,pytorch,p95_latency,True,3,2,train
36,Int8WeightOnlyConfig,int8,8,False,True,pytorch_relative_p99_latency,0.8695427528476729,pytorch,p99_latency,True,3,2,train
37,Float8WeightOnlyConfig,float8,8,False,True,pytorch_relative_p99_latency,1.526040379151491,pytorch,p99_latency,True,3,2,train
38,Float8StaticActivationFloat8WeightConfig,float8,8,False,False,pytorch_relative_p99_latency,2.767846744878754,pytorch,p99_latency,True,3,2,train
39,Int8DynamicActivationInt8WeightConfig,int8,8,True,False,pytorch_relative_p99_latency,12.748532072287457,pytorch,p99_latency,True,3,2,train
0,Int8WeightOnlyConfig,int8,8,False,True,pytorch_quantized_MAE,7.236075393231769,pytorch,MAE,False,3,2,test
1,Float8WeightOnlyConfig,float8,8,False,True,pytorch_quantized_MAE,7.234280569196756,pytorch,MAE,False,3,2,test
2,Float8StaticActivationFloat8WeightConfig,float8,8,False,False,pytorch_quantized_MAE,7.285018558448368,pytorch,MAE,False,3,2,test
3,Int8DynamicActivationInt8WeightConfig,int8,8,True,False,pytorch_quantized_MAE,7.229183204198714,pytorch,MAE,False,3,2,test
4,Int8WeightOnlyConfig,int8,8,False,True,pytorch_relative_MAE,1.0007224976252334,pytorch,MAE,True,3,2,test
5,Float8WeightOnlyConfig,float8,8,False,True,pytorch_relative_MAE,1.0004742800910718,pytorch,MAE,True,3,2,test
6,Float8StaticActivationFloat8WeightConfig,float8,8,False,False,pytorch_relative_MAE,1.0074911565840734,pytorch,MAE,True,3,2,test
7,Int8DynamicActivationInt8WeightConfig,int8,8,True,False,pytorch_relative_MAE,0.9997693333409425,pytorch,MAE,True,3,2,test
8,Int8WeightOnlyConfig,int8,8,False,True,pytorch_quantized_model_size,206337.0,pytorch,model_size,False,3,2,test
9,Float8WeightOnlyConfig,float8,8,False,True,pytorch_quantized_model_size,206337.0,pytorch,model_size,False,3,2,test
10,Float8StaticActivationFloat8WeightConfig,float8,8,False,False,pytorch_quantized_model_size,206337.0,pytorch,model_size,False,3,2,test
11,Int8DynamicActivationInt8WeightConfig,int8,8,True,False,pytorch_quantized_model_size,206337.0,pytorch,model_size,False,3,2,test
12,Int8WeightOnlyConfig,int8,8,False,True,pytorch_quantized_median_latency,0.0008031585002754582,pytorch,median_latency,False,3,2,test
13,Float8WeightOnlyConfig,float8,8,False,True,pytorch_quantized_median_latency,0.0012518855000962503,pytorch,median_latency,False,3,2,test
14,Float8StaticActivationFloat8WeightConfig,float8,8,False,False,pytorch_quantized_median_latency,0.0027050070002587745,pytorch,median_latency,False,3,2,test
15,Int8DynamicActivationInt8WeightConfig,int8,8,True,False,pytorch_quantized_median_latency,0.007556464999652235,pytorch,median_latency,False,3,2,test
16,Int8WeightOnlyConfig,int8,8,False,True,pytorch_quantized_p95_latency,0.000906325299092714,pytorch,p95_latency,False,3,2,test
17,Float8WeightOnlyConfig,float8,8,False,True,pytorch_quantized_p95_latency,0.001391113249792397,pytorch,p95_latency,False,3,2,test
18,Float8StaticActivationFloat8WeightConfig,float8,8,False,False,pytorch_quantized_p95_latency,0.0030358542500835027,pytorch,p95_latency,False,3,2,test
19,Int8DynamicActivationInt8WeightConfig,int8,8,True,False,pytorch_quantized_p95_latency,0.007807294400390674,pytorch,p95_latency,False,3,2,test
20,Int8WeightOnlyConfig,int8,8,False,True,pytorch_quantized_p99_latency,0.0009867327891151948,pytorch,p99_latency,False,3,2,test
21,Float8WeightOnlyConfig,float8,8,False,True,pytorch_quantized_p99_latency,0.001597906779497863,pytorch,p99_latency,False,3,2,test
22,Float8StaticActivationFloat8WeightConfig,float8,8,False,False,pytorch_quantized_p99_latency,0.0031242332196598005,pytorch,p99_latency,False,3,2,test
23,Int8DynamicActivationInt8WeightConfig,int8,8,True,False,pytorch_quantized_p99_latency,0.007946119779717266,pytorch,p99_latency,False,3,2,test
24,Int8WeightOnlyConfig,int8,8,False,True,pytorch_relative_model_size,0.25,pytorch,model_size,True,3,2,test
25,Float8WeightOnlyConfig,float8,8,False,True,pytorch_relative_model_size,0.25,pytorch,model_size,True,3,2,test
26,Float8StaticActivationFloat8WeightConfig,float8,8,False,False,pytorch_relative_model_size,0.25,pytorch,model_size,True,3,2,test
27,Int8DynamicActivationInt8WeightConfig,int8,8,True,False,pytorch_relative_model_size,0.25,pytorch,model_size,True,3,2,test
28,Int8WeightOnlyConfig,int8,8,False,True,pytorch_relative_median_latency,1.3686741138057772,pytorch,median_latency,True,3,2,test
29,Float8WeightOnlyConfig,float8,8,False,True,pytorch_relative_median_latency,2.133356338559434,pytorch,median_latency,True,3,2,test
30,Float8StaticActivationFloat8WeightConfig,float8,8,False,False,pytorch_relative_median_latency,4.609641879713454,pytorch,median_latency,True,3,2,test
31,Int8DynamicActivationInt8WeightConfig,int8,8,True,False,pytorch_relative_median_latency,12.877082211489137,pytorch,median_latency,True,3,2,test
32,Int8WeightOnlyConfig,int8,8,False,True,pytorch_relative_p95_latency,1.351005225920569,pytorch,p95_latency,True,3,2,test
33,Float8WeightOnlyConfig,float8,8,False,True,pytorch_relative_p95_latency,2.073649794613775,pytorch,p95_latency,True,3,2,test
34,Float8StaticActivationFloat8WeightConfig,float8,8,False,False,pytorch_relative_p95_latency,4.525367394137386,pytorch,p95_latency,True,3,2,test
35,Int8DynamicActivationInt8WeightConfig,int8,8,True,False,pytorch_relative_p95_latency,11.63786947775492,pytorch,p95_latency,True,3,2,test
36,Int8WeightOnlyConfig,int8,8,False,True,pytorch_relative_p99_latency,1.420491296091322,pytorch,p99_latency,True,3,2,test
37,Float8WeightOnlyConfig,float8,8,False,True,pytorch_relative_p99_latency,2.300331657446364,pytorch,p99_latency,True,3,2,test
38,Float8StaticActivationFloat8WeightConfig,float8,8,False,False,pytorch_relative_p99_latency,4.497616927745584,pytorch,p99_latency,True,3,2,test
39,Int8DynamicActivationInt8WeightConfig,int8,8,True,False,pytorch_relative_p99_latency,11.43915972926054,pytorch,p99_latency,True,3,2,test
0,Int8WeightOnlyConfig,int8,8,False,True,pytorch_quantized_MAE,7.362585726928532,pytorch,MAE,False,3,3,train
1,Float8WeightOnlyConfig,float8,8,False,True,pytorch_quantized_MAE,7.353696502332131,pytorch,MAE,False,3,3,train
2,Float8StaticActivationFloat8WeightConfig,float8,8,False,False,pytorch_quantized_MAE,7.415566886896025,pytorch,MAE,False,3,3,train
3,Int8DynamicActivationInt8WeightConfig,int8,8,True,False,pytorch_quantized_MAE,7.357289378012757,pytorch,MAE,False,3,3,train
4,Int8WeightOnlyConfig,int8,8,False,True,pytorch_relative_MAE,1.0007882005028308,pytorch,MAE,True,3,3,train
5,Float8WeightOnlyConfig,float8,8,False,True,pytorch_relative_MAE,0.9995798979556482,pytorch,MAE,True,3,3,train
6,Float8StaticActivationFloat8WeightConfig,float8,8,False,False,pytorch_relative_MAE,1.0079898714525475,pytorch,MAE,True,3,3,train
7,Int8DynamicActivationInt8WeightConfig,int8,8,True,False,pytorch_relative_MAE,1.0000682736052373,pytorch,MAE,True,3,3,train
8,Int8WeightOnlyConfig,int8,8,False,True,pytorch_quantized_model_size,206337.0,pytorch,model_size,False,3,3,train
9,Float8WeightOnlyConfig,float8,8,False,True,pytorch_quantized_model_size,206337.0,pytorch,model_size,False,3,3,train
10,Float8StaticActivationFloat8WeightConfig,float8,8,False,False,pytorch_quantized_model_size,206337.0,pytorch,model_size,False,3,3,train
11,Int8DynamicActivationInt8WeightConfig,int8,8,True,False,pytorch_quantized_model_size,206337.0,pytorch,model_size,False,3,3,train
12,Int8WeightOnlyConfig,int8,8,False,True,pytorch_quantized_median_latency,0.000760051999350253,pytorch,median_latency,False,3,3,train
13,Float8WeightOnlyConfig,float8,8,False,True,pytorch_quantized_median_latency,0.001300313499996264,pytorch,median_latency,False,3,3,train
14,Float8StaticActivationFloat8WeightConfig,float8,8,False,False,pytorch_quantized_median_latency,0.0028233325010660337,pytorch,median_latency,False,3,3,train
15,Int8DynamicActivationInt8WeightConfig,int8,8,True,False,pytorch_quantized_median_latency,0.008715673499864351,pytorch,median_latency,False,3,3,train
16,Int8WeightOnlyConfig,int8,8,False,True,pytorch_quantized_p95_latency,0.0008364962501218543,pytorch,p95_latency,False,3,3,train
17,Float8WeightOnlyConfig,float8,8,False,True,pytorch_quantized_p95_latency,0.001449748500544956,pytorch,p95_latency,False,3,3,train
18,Float8StaticActivationFloat8WeightConfig,float8,8,False,False,pytorch_quantized_p95_latency,0.003449757849193702,pytorch,p95_latency,False,3,3,train
19,Int8DynamicActivationInt8WeightConfig,int8,8,True,False,pytorch_quantized_p95_latency,0.010063762398658582,pytorch,p95_latency,False,3,3,train
20,Int8WeightOnlyConfig,int8,8,False,True,pytorch_quantized_p99_latency,0.0009672722802133665,pytorch,p99_latency,False,3,3,train
21,Float8WeightOnlyConfig,float8,8,False,True,pytorch_quantized_p99_latency,0.0015975600704405235,pytorch,p99_latency,False,3,3,train
22,Float8StaticActivationFloat8WeightConfig,float8,8,False,False,pytorch_quantized_p99_latency,0.003639508699397993,pytorch,p99_latency,False,3,3,train
23,Int8DynamicActivationInt8WeightConfig,int8,8,True,False,pytorch_quantized_p99_latency,0.011141192199847869,pytorch,p99_latency,False,3,3,train
24,Int8WeightOnlyConfig,int8,8,False,True,pytorch_relative_model_size,0.25,pytorch,model_size,True,3,3,train
25,Float8WeightOnlyConfig,float8,8,False,True,pytorch_relative_model_size,0.25,pytorch,model_size,True,3,3,train
26,Float8StaticActivationFloat8WeightConfig,float8,8,False,False,pytorch_relative_model_size,0.25,pytorch,model_size,True,3,3,train
27,Int8DynamicActivationInt8WeightConfig,int8,8,True,False,pytorch_relative_model_size,0.25,pytorch,model_size,True,3,3,train
28,Int8WeightOnlyConfig,int8,8,False,True,pytorch_relative_median_latency,1.3650530790753612,pytorch,median_latency,True,3,3,train
29,Float8WeightOnlyConfig,float8,8,False,True,pytorch_relative_median_latency,2.3353625126314443,pytorch,median_latency,True,3,3,train
30,Float8StaticActivationFloat8WeightConfig,float8,8,False,False,pytorch_relative_median_latency,5.070704013841691,pytorch,median_latency,True,3,3,train
31,Int8DynamicActivationInt8WeightConfig,int8,8,True,False,pytorch_relative_median_latency,15.653346030766416,pytorch,median_latency,True,3,3,train
32,Int8WeightOnlyConfig,int8,8,False,True,pytorch_relative_p95_latency,1.2931172085091467,pytorch,p95_latency,True,3,3,train
33,Float8WeightOnlyConfig,float8,8,False,True,pytorch_relative_p95_latency,2.241127481195431,pytorch,p95_latency,True,3,3,train
34,Float8StaticActivationFloat8WeightConfig,float8,8,False,False,pytorch_relative_p95_latency,5.3328885088630615,pytorch,p95_latency,True,3,3,train
35,Int8DynamicActivationInt8WeightConfig,int8,8,True,False,pytorch_relative_p95_latency,15.557301468066326,pytorch,p95_latency,True,3,3,train
36,Int8WeightOnlyConfig,int8,8,False,True,pytorch_relative_p99_latency,1.2798425427037654,pytorch,p99_latency,True,3,3,train
37,Float8WeightOnlyConfig,float8,8,False,True,pytorch_relative_p99_latency,2.113805372592287,pytorch,p99_latency,True,3,3,train
38,Float8StaticActivationFloat8WeightConfig,float8,8,False,False,pytorch_relative_p99_latency,4.815601732122949,pytorch,p99_latency,True,3,3,train
39,Int8DynamicActivationInt8WeightConfig,int8,8,True,False,pytorch_relative_p99_latency,14.741424979799202,pytorch,p99_latency,True,3,3,train
0,Int8WeightOnlyConfig,int8,8,False,True,pytorch_quantized_MAE,6.997512462109972,pytorch,MAE,False,3,3,test
1,Float8WeightOnlyConfig,float8,8,False,True,pytorch_quantized_MAE,6.986253643305035,pytorch,MAE,False,3,3,test
2,Float8StaticActivationFloat8WeightConfig,float8,8,False,False,pytorch_quantized_MAE,7.062074842479918,pytorch,MAE,False,3,3,test
3,Int8DynamicActivationInt8WeightConfig,int8,8,True,False,pytorch_quantized_MAE,6.993066764393732,pytorch,MAE,False,3,3,test
4,Int8WeightOnlyConfig,int8,8,False,True,pytorch_relative_MAE,1.0008480300873,pytorch,MAE,True,3,3,test
5,Float8WeightOnlyConfig,float8,8,False,True,pytorch_relative_MAE,0.9992376911728575,pytorch,MAE,True,3,3,test
6,Float8StaticActivationFloat8WeightConfig,float8,8,False,False,pytorch_relative_MAE,1.0100823303562734,pytorch,MAE,True,3,3,test
7,Int8DynamicActivationInt8WeightConfig,int8,8,True,False,pytorch_relative_MAE,1.0002121658675853,pytorch,MAE,True,3,3,test
8,Int8WeightOnlyConfig,int8,8,False,True,pytorch_quantized_model_size,206337.0,pytorch,model_size,False,3,3,test
9,Float8WeightOnlyConfig,float8,8,False,True,pytorch_quantized_model_size,206337.0,pytorch,model_size,False,3,3,test
10,Float8StaticActivationFloat8WeightConfig,float8,8,False,False,pytorch_quantized_model_size,206337.0,pytorch,model_size,False,3,3,test
11,Int8DynamicActivationInt8WeightConfig,int8,8,True,False,pytorch_quantized_model_size,206337.0,pytorch,model_size,False,3,3,test
12,Int8WeightOnlyConfig,int8,8,False,True,pytorch_quantized_median_latency,0.0007866380001360085,pytorch,median_latency,False,3,3,test
13,Float8WeightOnlyConfig,float8,8,False,True,pytorch_quantized_median_latency,0.001362562999020156,pytorch,median_latency,False,3,3,test
14,Float8StaticActivationFloat8WeightConfig,float8,8,False,False,pytorch_quantized_median_latency,0.0027834685006382642,pytorch,median_latency,False,3,3,test
15,Int8DynamicActivationInt8WeightConfig,int8,8,True,False,pytorch_quantized_median_latency,0.008021092499802762,pytorch,median_latency,False,3,3,test
16,Int8WeightOnlyConfig,int8,8,False,True,pytorch_quantized_p95_latency,0.0009429154498320713,pytorch,p95_latency,False,3,3,test
17,Float8WeightOnlyConfig,float8,8,False,True,pytorch_quantized_p95_latency,0.0014786410494707523,pytorch,p95_latency,False,3,3,test
18,Float8StaticActivationFloat8WeightConfig,float8,8,False,False,pytorch_quantized_p95_latency,0.003539854750579252,pytorch,p95_latency,False,3,3,test
19,Int8DynamicActivationInt8WeightConfig,int8,8,True,False,pytorch_quantized_p95_latency,0.013034779249846907,pytorch,p95_latency,False,3,3,test
20,Int8WeightOnlyConfig,int8,8,False,True,pytorch_quantized_p99_latency,0.0010747784902741843,pytorch,p99_latency,False,3,3,test
21,Float8WeightOnlyConfig,float8,8,False,True,pytorch_quantized_p99_latency,0.0016163033191332946,pytorch,p99_latency,False,3,3,test
22,Float8StaticActivationFloat8WeightConfig,float8,8,False,False,pytorch_quantized_p99_latency,0.003660133239682182,pytorch,p99_latency,False,3,3,test
23,Int8DynamicActivationInt8WeightConfig,int8,8,True,False,pytorch_quantized_p99_latency,0.013857652649985541,pytorch,p99_latency,False,3,3,test
24,Int8WeightOnlyConfig,int8,8,False,True,pytorch_relative_model_size,0.25,pytorch,model_size,True,3,3,test
25,Float8WeightOnlyConfig,float8,8,False,True,pytorch_relative_model_size,0.25,pytorch,model_size,True,3,3,test
26,Float8StaticActivationFloat8WeightConfig,float8,8,False,False,pytorch_relative_model_size,0.25,pytorch,model_size,True,3,3,test
27,Int8DynamicActivationInt8WeightConfig,int8,8,True,False,pytorch_relative_model_size,0.25,pytorch,model_size,True,3,3,test
28,Int8WeightOnlyConfig,int8,8,False,True,pytorch_relative_median_latency,1.3248227214551365,pytorch,median_latency,True,3,3,test
29,Float8WeightOnlyConfig,float8,8,False,True,pytorch_relative_median_latency,2.2947714453202703,pytorch,median_latency,True,3,3,test
30,Float8StaticActivationFloat8WeightConfig,float8,8,False,False,pytorch_relative_median_latency,4.687800886128883,pytorch,median_latency,True,3,3,test
31,Int8DynamicActivationInt8WeightConfig,int8,8,True,False,pytorch_relative_median_latency,13.508787514453623,pytorch,median_latency,True,3,3,test
32,Int8WeightOnlyConfig,int8,8,False,True,pytorch_relative_p95_latency,1.3666322662644845,pytorch,p95_latency,True,3,3,test
33,Float8WeightOnlyConfig,float8,8,False,True,pytorch_relative_p95_latency,2.1430962540594676,pytorch,p95_latency,True,3,3,test
34,Float8StaticActivationFloat8WeightConfig,float8,8,False,False,pytorch_relative_p95_latency,5.130555153055125,pytorch,p95_latency,True,3,3,test
35,Int8DynamicActivationInt8WeightConfig,int8,8,True,False,pytorch_relative_p95_latency,18.89220280529723,pytorch,p95_latency,True,3,3,test
36,Int8WeightOnlyConfig,int8,8,False,True,pytorch_relative_p99_latency,1.423527078260816,pytorch,p99_latency,True,3,3,test
37,Float8WeightOnlyConfig,float8,8,False,True,pytorch_relative_p99_latency,2.1407681324940855,pytorch,p99_latency,True,3,3,test
38,Float8StaticActivationFloat8WeightConfig,float8,8,False,False,pytorch_relative_p99_latency,4.847788473512234,pytorch,p99_latency,True,3,3,test
39,Int8DynamicActivationInt8WeightConfig,int8,8,True,False,pytorch_relative_p99_latency,18.354241331490293,pytorch,p99_latency,True,3,3,test
